Order ID,Phone,Quatity Ordered,Price Each,Order Date,Purchase Country_City
132349,Huawei,108,350,08/08/22 ,"Sim_Company_6,Moscow, Russia"
132350,Samsung Galexy S22,48,1100,31/08/22 ,"Sim_Company_15,Isfahan, Iran"
132351,iPhone 11,92,500,11/08/22 ,"Sim_Company_2,Delhi, India"
132352,iPhone 11,70,500,22/08/22 ,"Sim_Company_1,Beijing, China"
132353,Sony Xperia 5,619,450,10/08/22 ,"Sim_Company_7,Yokohama, Japan"
132354,iPhone 11,23,500,05/08/22 ,"Sim_Company_15,Isfahan, Iran"
132355,Google Android,1423,900,25/08/22 ,"Sim_Company_1,Beijing, China"
132356,iPhone 11,286,500,01/08/22 ,"Sim_Company_7,Yokohama, Japan"
132357,iPhone 13,386,1000,18/08/22 ,"Sim_Company_4,Jakarta, Indonesia"
132358,iPhone 13,2169,1000,29/08/22 ,"Sim_Company_2,Delhi, India"
132359,Nokia c200,51,400,23/08/22 ,"Sim_Company_8,Mexico City, Mexico"
132360,Huawei,506,350,05/08/22 ,"Sim_Company_10,Manila, Philippines"
132361,iPhone 13,341,1000,02/08/22 ,"Sim_Company_3,Boston, United States"
132362,iPhone 11,638,500,14/08/22 ,"Sim_Company_12,Hanoi, Vietnam"
132363,Nokia c200,222,400,16/08/22 ,"Sim_Company_18,Bangkok, Thailand"
132364,Samsung Galexy S21,2590,800,07/08/22 ,"Sim_Company_1,Beijing, China"
132365,iPhone 11,204,500,21/08/22 ,"Sim_Company_7,Yokohama, Japan"
132366,iPhone 13,345,1000,17/08/22 ,"Sim_Company_12,Hanoi, Vietnam"
132367,iPhone 13,1181,1000,15/08/22 ,"Sim_Company_15,Isfahan, Iran"
132368,iPhone 13,298,1000,26/08/22 ,"Sim_Company_4,Jakarta, Indonesia"
132369,Google Android,1181,900,10/08/22 ,"Sim_Company_1,Beijing, China"
132370,Samsung Galexy S10,396,300,07/08/22 ,"Sim_Company_6,Moscow, Russia"
132371,iPhone 13,225,1000,18/08/22 ,"Sim_Company_11,Munich, Germany"
132372,Samsung Galexy S10,141,300,24/08/22 ,"Sim_Company_4,Jakarta, Indonesia"
132373,Samsung Galexy S22,62,1100,22/08/22 ,"Sim_Company_12,Hanoi, Vietnam"
132374,iPhone 13,291,1000,19/08/22 ,"Sim_Company_8,Mexico City, Mexico"
132375,Sony Xperia 10,930,700,05/08/22 ,"Sim_Company_15,Isfahan, Iran"
132376,iPhone 13,278,1000,19/08/22 ,"Sim_Company_7,Yokohama, Japan"
132377,Samsung Galexy S10,20,300,20/08/22 ,"Sim_Company_6,Moscow, Russia"
132378,Sony Xperia 5,1050,450,16/08/22 ,"Sim_Company_2,Delhi, India"
132379,Samsung Galexy S10,113,300,19/08/22 ,"Sim_Company_1,Beijing, China"
132380,Google Android,850,900,01/09/22 ,"Sim_Company_4,Jakarta, Indonesia"
132381,iPhone 12,582,700,04/08/22 ,"Sim_Company_11,Munich, Germany"
132382,Samsung Galexy S21,1745,800,28/08/22 ,"Sim_Company_19,Milan, Italy"
132383,iPhone 12,499,700,30/08/22 ,"Sim_Company_11,Munich, Germany"
132384,iPhone 13,80,1000,08/08/22 ,"Sim_Company_9,Lagos, Nigeria"
132385,Sony Xperia 5,3873,450,12/08/22 ,"Sim_Company_17,Islamabad, Pakistan"
132386,Nokia c100,74,200,03/08/22 ,"Sim_Company_4,Jakarta, Indonesia"
132387,iPhone 11,2427,500,24/08/22 ,"Sim_Company_2,Delhi, India"
132388,Samsung Galexy S22,320,1100,25/08/22 ,"Sim_Company_2,Delhi, India"
132389,Samsung Galexy S10,275,300,09/08/22 ,"Sim_Company_8,Mexico City, Mexico"
132390,Nokia c100,51,200,14/08/22 ,"Sim_Company_1,Beijing, China"
132391,Google Android,800,900,17/08/22 ,"Sim_Company_1,Beijing, China"
132392,Huawei,44,350,28/08/22 ,"Sim_Company_9,Lagos, Nigeria"
132393,Sony Xperia 5,675,450,28/08/22 ,"Sim_Company_8,Mexico City, Mexico"
132394,Samsung Galexy S22,269,1100,22/08/22 ,"Sim_Company_1,Beijing, China"
132395,Samsung Galexy S21,1297,800,04/08/22 ,"Sim_Company_13,Dhaka, Bangladesh"
132396,Nokia c200,98,400,24/08/22 ,"Sim_Company_16,Giza, Egypt"
132397,Samsung Galexy S21,849,800,26/08/22 ,"Sim_Company_5,Sao Paulo, Brazil"
132398,iPhone 11,1156,500,04/08/22 ,"Sim_Company_2,Delhi, India"
132399,iPhone 13,3504,1000,27/08/22 ,"Sim_Company_15,Isfahan, Iran"
132400,Samsung Galexy S22,227,1100,24/08/22 ,"Sim_Company_12,Hanoi, Vietnam"
132401,Huawei,174,350,25/08/22 ,"Sim_Company_13,Dhaka, Bangladesh"
132402,Samsung Galexy S22,1739,1100,26/08/22 ,"Sim_Company_1,Beijing, China"
132403,Samsung Galexy S21,159,800,03/08/22 ,"Sim_Company_20,Durban, South Africa"
132404,Huawei,130,350,27/08/22 ,"Sim_Company_6,Moscow, Russia"
132405,Sony Xperia 10,676,700,22/08/22 ,"Sim_Company_5,Sao Paulo, Brazil"
132406,Samsung Galexy S10,56,300,07/08/22 ,"Sim_Company_15,Isfahan, Iran"
132407,iPhone 11,186,500,08/08/22 ,"Sim_Company_17,Islamabad, Pakistan"
132408,iPhone 13,166,1000,03/08/22 ,"Sim_Company_19,Milan, Italy"
132409,Huawei,402,350,22/08/22 ,"Sim_Company_13,Dhaka, Bangladesh"
132410,Samsung Galexy S22,3444,1100,04/08/22 ,"Sim_Company_16,Giza, Egypt"
132411,iPhone 13,464,1000,30/08/22 ,"Sim_Company_12,Hanoi, Vietnam"
132412,iPhone 12,525,700,25/08/22 ,"Sim_Company_9,Lagos, Nigeria"
132413,Samsung Galexy S21,174,800,28/08/22 ,"Sim_Company_14,Ankara, Turkey"
132414,Samsung Galexy S22,226,1100,25/08/22 ,"Sim_Company_20,Durban, South Africa"
132415,Google Android,1006,900,06/08/22 ,"Sim_Company_1,Beijing, China"
132416,Sony Xperia 10,244,700,10/08/22 ,"Sim_Company_9,Lagos, Nigeria"
132417,Google Android,987,900,22/08/22 ,"Sim_Company_2,Delhi, India"
132418,Huawei,107,350,12/08/22 ,"Sim_Company_1,Beijing, China"
132419,iPhone 12,425,700,07/08/22 ,"Sim_Company_17,Islamabad, Pakistan"
132420,Samsung Galexy S21,1248,800,20/08/22 ,"Sim_Company_1,Beijing, China"
132421,Samsung Galexy S22,1237,1100,07/08/22 ,"Sim_Company_5,Sao Paulo, Brazil"
132422,iPhone 13,420,1000,18/08/22 ,"Sim_Company_3,Boston, United States"
132423,Samsung Galexy S21,495,800,30/08/22 ,"Sim_Company_10,Manila, Philippines"
132424,iPhone 13,412,1000,27/08/22 ,"Sim_Company_9,Lagos, Nigeria"
132425,Samsung Galexy S10,1281,300,09/08/22 ,"Sim_Company_4,Jakarta, Indonesia"
132426,Samsung Galexy S10,544,300,28/08/22 ,"Sim_Company_11,Munich, Germany"
132427,Samsung Galexy S21,286,800,02/08/22 ,"Sim_Company_18,Bangkok, Thailand"
132428,Samsung Galexy S10,132,300,02/08/22 ,"Sim_Company_1,Beijing, China"
132429,Sony Xperia 10,1342,700,19/08/22 ,"Sim_Company_18,Bangkok, Thailand"
132430,iPhone 13,1372,1000,29/08/22 ,"Sim_Company_16,Giza, Egypt"
132431,Huawei,11,350,17/08/22 ,"Sim_Company_7,Yokohama, Japan"
132432,iPhone 13,7,1000,27/08/22 ,"Sim_Company_8,Mexico City, Mexico"
132433,iPhone 11,24,500,01/08/22 ,"Sim_Company_5,Sao Paulo, Brazil"
132434,Samsung Galexy S22,386,1100,09/08/22 ,"Sim_Company_8,Mexico City, Mexico"
132435,iPhone 13,1034,1000,23/08/22 ,"Sim_Company_15,Isfahan, Iran"
132436,Nokia c200,343,400,19/08/22 ,"Sim_Company_11,Munich, Germany"
132437,Huawei,8,350,12/08/22 ,"Sim_Company_5,Sao Paulo, Brazil"
132438,Samsung Galexy S22,763,1100,04/08/22 ,"Sim_Company_6,Moscow, Russia"
132439,iPhone 12,1043,700,19/08/22 ,"Sim_Company_1,Beijing, China"
132440,Samsung Galexy S21,3168,800,24/08/22 ,"Sim_Company_16,Giza, Egypt"
132441,Samsung Galexy S10,505,300,08/08/22 ,"Sim_Company_6,Moscow, Russia"
132442,Google Android,1332,900,21/08/22 ,"Sim_Company_4,Jakarta, Indonesia"
132443,iPhone 11,627,500,21/08/22 ,"Sim_Company_2,Delhi, India"
132444,Sony Xperia 5,39,450,25/08/22 ,"Sim_Company_5,Sao Paulo, Brazil"
132445,Sony Xperia 10,166,700,24/08/22 ,"Sim_Company_7,Yokohama, Japan"
132446,iPhone 13,794,1000,02/08/22 ,"Sim_Company_7,Yokohama, Japan"
132447,Sony Xperia 10,410,700,23/08/22 ,"Sim_Company_5,Sao Paulo, Brazil"
132448,iPhone 13,181,1000,18/08/22 ,"Sim_Company_20,Durban, South Africa"
132449,Nokia c100,483,200,23/08/22 ,"Sim_Company_20,Durban, South Africa"
132450,Sony Xperia 10,1100,700,19/08/22 ,"Sim_Company_3,Boston, United States"
132451,iPhone 13,961,1000,22/08/22 ,"Sim_Company_5,Sao Paulo, Brazil"
132452,Sony Xperia 10,1044,700,16/08/22 ,"Sim_Company_9,Lagos, Nigeria"
132453,iPhone 12,232,700,27/08/22 ,"Sim_Company_3,Boston, United States"
132454,iPhone 13,246,1000,13/08/22 ,"Sim_Company_4,Jakarta, Indonesia"
132455,iPhone 13,1668,1000,09/08/22 ,"Sim_Company_3,Boston, United States"
132456,Sony Xperia 5,664,450,07/08/22 ,"Sim_Company_1,Beijing, China"
132457,Nokia c100,100,200,08/08/22 ,"Sim_Company_14,Ankara, Turkey"
132458,Samsung Galexy S22,466,1100,26/08/22 ,"Sim_Company_1,Beijing, China"
132459,Nokia c200,752,400,08/08/22 ,"Sim_Company_1,Beijing, China"
132460,iPhone 11,1852,500,18/08/22 ,"Sim_Company_16,Giza, Egypt"
132461,Samsung Galexy S22,851,1100,13/08/22 ,"Sim_Company_17,Islamabad, Pakistan"
132462,Samsung Galexy S21,1583,800,13/08/22 ,"Sim_Company_1,Beijing, China"
132463,iPhone 11,418,500,09/08/22 ,"Sim_Company_19,Milan, Italy"
132464,Samsung Galexy S22,634,1100,12/08/22 ,"Sim_Company_20,Durban, South Africa"
132465,iPhone 13,813,1000,13/08/22 ,"Sim_Company_4,Jakarta, Indonesia"
132466,Google Android,343,900,21/08/22 ,"Sim_Company_7,Yokohama, Japan"
132467,Samsung Galexy S10,203,300,23/08/22 ,"Sim_Company_11,Munich, Germany"
132468,Samsung Galexy S22,1208,1100,12/08/22 ,"Sim_Company_11,Munich, Germany"
132469,Samsung Galexy S22,237,1100,25/08/22 ,"Sim_Company_5,Sao Paulo, Brazil"
132470,Nokia c200,233,400,03/08/22 ,"Sim_Company_20,Durban, South Africa"
132471,Samsung Galexy S21,1078,800,11/08/22 ,"Sim_Company_14,Ankara, Turkey"
132472,Nokia c100,110,200,24/08/22 ,"Sim_Company_11,Munich, Germany"
132473,Samsung Galexy S21,1230,800,27/08/22 ,"Sim_Company_15,Isfahan, Iran"
132474,Samsung Galexy S10,1113,300,04/08/22 ,"Sim_Company_18,Bangkok, Thailand"
132475,Samsung Galexy S10,168,300,11/08/22 ,"Sim_Company_13,Dhaka, Bangladesh"
132476,Samsung Galexy S22,1737,1100,03/08/22 ,"Sim_Company_6,Moscow, Russia"
132477,iPhone 11,311,500,28/08/22 ,"Sim_Company_17,Islamabad, Pakistan"
132478,iPhone 12,144,700,05/08/22 ,"Sim_Company_11,Munich, Germany"
132479,Google Android,617,900,04/08/22 ,"Sim_Company_14,Ankara, Turkey"
132480,iPhone 12,364,700,29/08/22 ,"Sim_Company_1,Beijing, China"
132481,Samsung Galexy S21,1741,800,10/08/22 ,"Sim_Company_2,Delhi, India"
132482,iPhone 12,548,700,08/08/22 ,"Sim_Company_16,Giza, Egypt"
132483,Nokia c100,177,200,11/08/22 ,"Sim_Company_15,Isfahan, Iran"
132484,iPhone 13,722,1000,31/08/22 ,"Sim_Company_18,Bangkok, Thailand"
132485,Google Android,1707,900,26/08/22 ,"Sim_Company_1,Beijing, China"
132486,Sony Xperia 5,363,450,30/08/22 ,"Sim_Company_8,Mexico City, Mexico"
132487,iPhone 11,566,500,28/08/22 ,"Sim_Company_1,Beijing, China"
132488,Google Android,237,900,03/08/22 ,"Sim_Company_11,Munich, Germany"
132489,Nokia c100,46,200,29/08/22 ,"Sim_Company_8,Mexico City, Mexico"
132490,Huawei,171,350,12/08/22 ,"Sim_Company_7,Yokohama, Japan"
132491,Samsung Galexy S10,132,300,25/08/22 ,"Sim_Company_2,Delhi, India"
132492,Sony Xperia 10,640,700,30/08/22 ,"Sim_Company_9,Lagos, Nigeria"
132493,Samsung Galexy S21,365,800,23/08/22 ,"Sim_Company_2,Delhi, India"
132494,iPhone 13,662,1000,09/08/22 ,"Sim_Company_1,Beijing, China"
132495,Google Android,94,900,07/08/22 ,"Sim_Company_19,Milan, Italy"
132496,Nokia c200,342,400,30/08/22 ,"Sim_Company_15,Isfahan, Iran"
132497,iPhone 12,474,700,08/08/22 ,"Sim_Company_6,Moscow, Russia"
132498,iPhone 13,33,1000,16/08/22 ,"Sim_Company_9,Lagos, Nigeria"
132499,iPhone 13,2106,1000,11/08/22 ,"Sim_Company_10,Manila, Philippines"
132500,iPhone 11,892,500,01/08/22 ,"Sim_Company_7,Yokohama, Japan"
132501,Nokia c200,374,400,16/08/22 ,"Sim_Company_11,Munich, Germany"
132502,iPhone 12,717,700,15/08/22 ,"Sim_Company_8,Mexico City, Mexico"
132503,Sony Xperia 10,147,700,03/08/22 ,"Sim_Company_7,Yokohama, Japan"
132504,iPhone 12,22,700,05/08/22 ,"Sim_Company_20,Durban, South Africa"
132505,Google Android,1039,900,03/08/22 ,"Sim_Company_7,Yokohama, Japan"
132506,Google Android,2995,900,03/08/22 ,"Sim_Company_4,Jakarta, Indonesia"
132507,Google Android,7138,900,14/08/22 ,"Sim_Company_3,Boston, United States"
132508,Sony Xperia 10,347,700,19/08/22 ,"Sim_Company_16,Giza, Egypt"
132509,iPhone 13,2705,1000,13/08/22 ,"Sim_Company_3,Boston, United States"
132510,Samsung Galexy S22,1599,1100,12/08/22 ,"Sim_Company_13,Dhaka, Bangladesh"
132511,Samsung Galexy S21,277,800,17/08/22 ,"Sim_Company_2,Delhi, India"
132512,Sony Xperia 10,95,700,20/08/22 ,"Sim_Company_20,Durban, South Africa"
132513,Huawei,594,350,09/08/22 ,"Sim_Company_18,Bangkok, Thailand"
132514,Sony Xperia 5,376,450,12/08/22 ,"Sim_Company_11,Munich, Germany"
132515,Samsung Galexy S21,1066,800,13/08/22 ,"Sim_Company_8,Mexico City, Mexico"
132516,iPhone 12,151,700,24/08/22 ,"Sim_Company_4,Jakarta, Indonesia"
132517,iPhone 12,1132,700,18/08/22 ,"Sim_Company_2,Delhi, India"
132518,iPhone 13,1301,1000,05/08/22 ,"Sim_Company_4,Jakarta, Indonesia"
132519,Samsung Galexy S10,11,300,20/08/22 ,"Sim_Company_6,Moscow, Russia"
132520,Nokia c100,532,200,09/08/22 ,"Sim_Company_1,Beijing, China"
132521,Samsung Galexy S21,2976,800,11/08/22 ,"Sim_Company_16,Giza, Egypt"
132522,Samsung Galexy S22,150,1100,11/08/22 ,"Sim_Company_1,Beijing, China"
132523,Sony Xperia 5,355,450,03/08/22 ,"Sim_Company_2,Delhi, India"
132524,Samsung Galexy S22,1075,1100,14/08/22 ,"Sim_Company_17,Islamabad, Pakistan"
132525,Samsung Galexy S22,115,1100,17/08/22 ,"Sim_Company_3,Boston, United States"
132526,iPhone 11,902,500,31/08/22 ,"Sim_Company_15,Isfahan, Iran"
132527,Samsung Galexy S22,1409,1100,13/08/22 ,"Sim_Company_18,Bangkok, Thailand"
132528,Sony Xperia 5,14,450,06/08/22 ,"Sim_Company_1,Beijing, China"
132529,iPhone 11,59,500,07/08/22 ,"Sim_Company_4,Jakarta, Indonesia"
132530,iPhone 13,995,1000,28/08/22 ,"Sim_Company_19,Milan, Italy"
132531,Samsung Galexy S10,1322,300,05/08/22 ,"Sim_Company_7,Yokohama, Japan"
132532,iPhone 13,213,1000,02/08/22 ,"Sim_Company_19,Milan, Italy"
132533,Samsung Galexy S22,93,1100,12/08/22 ,"Sim_Company_2,Delhi, India"
132534,Sony Xperia 10,71,700,18/08/22 ,"Sim_Company_2,Delhi, India"
132535,Huawei,294,350,11/08/22 ,"Sim_Company_3,Boston, United States"
132536,iPhone 11,1178,500,16/08/22 ,"Sim_Company_4,Jakarta, Indonesia"
132537,Nokia c200,591,400,09/08/22 ,"Sim_Company_8,Mexico City, Mexico"
132538,Sony Xperia 5,25,450,31/08/22 ,"Sim_Company_19,Milan, Italy"
132539,Sony Xperia 10,1142,700,27/08/22 ,"Sim_Company_15,Isfahan, Iran"
132540,Samsung Galexy S22,106,1100,20/08/22 ,"Sim_Company_3,Boston, United States"
132541,Sony Xperia 5,527,450,24/08/22 ,"Sim_Company_3,Boston, United States"
132542,Samsung Galexy S22,662,1100,02/08/22 ,"Sim_Company_11,Munich, Germany"
132543,Samsung Galexy S21,162,800,25/08/22 ,"Sim_Company_9,Lagos, Nigeria"
132544,Nokia c200,447,400,13/08/22 ,"Sim_Company_2,Delhi, India"
132545,Huawei,49,350,02/08/22 ,"Sim_Company_19,Milan, Italy"
132546,Sony Xperia 10,1338,700,20/08/22 ,"Sim_Company_1,Beijing, China"
132547,Sony Xperia 5,61,450,19/08/22 ,"Sim_Company_2,Delhi, India"
132548,Huawei,230,350,01/08/22 ,"Sim_Company_10,Manila, Philippines"
132549,Nokia c100,450,200,10/08/22 ,"Sim_Company_17,Islamabad, Pakistan"
132550,Sony Xperia 10,3114,700,09/08/22 ,"Sim_Company_4,Jakarta, Indonesia"
132551,iPhone 13,102,1000,19/08/22 ,"Sim_Company_1,Beijing, China"
132552,iPhone 11,126,500,07/08/22 ,"Sim_Company_13,Dhaka, Bangladesh"
132553,Samsung Galexy S21,385,800,03/08/22 ,"Sim_Company_3,Boston, United States"
132554,Samsung Galexy S22,337,1100,05/08/22 ,"Sim_Company_9,Lagos, Nigeria"
132555,Google Android,211,900,23/08/22 ,"Sim_Company_11,Munich, Germany"
132556,iPhone 13,1889,1000,01/08/22 ,"Sim_Company_6,Moscow, Russia"
132557,iPhone 12,1253,700,18/08/22 ,"Sim_Company_3,Boston, United States"
132558,iPhone 11,1945,500,23/08/22 ,"Sim_Company_7,Yokohama, Japan"
132559,iPhone 13,1045,1000,25/08/22 ,"Sim_Company_5,Sao Paulo, Brazil"
132560,Samsung Galexy S21,470,800,30/08/22 ,"Sim_Company_7,Yokohama, Japan"
132561,Huawei,546,350,26/08/22 ,"Sim_Company_16,Giza, Egypt"
132562,Samsung Galexy S10,732,300,27/08/22 ,"Sim_Company_9,Lagos, Nigeria"
132563,Samsung Galexy S22,681,1100,21/08/22 ,"Sim_Company_4,Jakarta, Indonesia"
132564,Sony Xperia 10,568,700,01/09/22 ,"Sim_Company_3,Boston, United States"
132565,Samsung Galexy S22,30,1100,13/08/22 ,"Sim_Company_7,Yokohama, Japan"
132566,iPhone 11,198,500,20/08/22 ,"Sim_Company_18,Bangkok, Thailand"
132567,Huawei,1432,350,16/08/22 ,"Sim_Company_8,Mexico City, Mexico"
132568,Nokia c200,49,400,05/08/22 ,"Sim_Company_2,Delhi, India"
132569,iPhone 12,188,700,12/08/22 ,"Sim_Company_4,Jakarta, Indonesia"
132570,iPhone 13,138,1000,28/08/22 ,"Sim_Company_15,Isfahan, Iran"
132571,iPhone 11,1078,500,29/08/22 ,"Sim_Company_6,Moscow, Russia"
132572,Samsung Galexy S21,2475,800,06/08/22 ,"Sim_Company_1,Beijing, China"
132573,Huawei,181,350,16/08/22 ,"Sim_Company_2,Delhi, India"
132574,iPhone 11,230,500,31/08/22 ,"Sim_Company_8,Mexico City, Mexico"
132575,iPhone 11,374,500,18/08/22 ,"Sim_Company_2,Delhi, India"
132576,Samsung Galexy S21,26,800,29/08/22 ,"Sim_Company_1,Beijing, China"
132577,Samsung Galexy S22,75,1100,17/08/22 ,"Sim_Company_13,Dhaka, Bangladesh"
132578,Sony Xperia 5,190,450,15/08/22 ,"Sim_Company_6,Moscow, Russia"
132579,iPhone 11,102,500,24/08/22 ,"Sim_Company_7,Yokohama, Japan"
132580,Samsung Galexy S10,183,300,09/08/22 ,"Sim_Company_6,Moscow, Russia"
132581,Samsung Galexy S21,123,800,25/08/22 ,"Sim_Company_19,Milan, Italy"
132582,iPhone 13,3992,1000,01/08/22 ,"Sim_Company_1,Beijing, China"
132583,iPhone 11,129,500,09/08/22 ,"Sim_Company_1,Beijing, China"
132584,iPhone 13,30,1000,12/08/22 ,"Sim_Company_2,Delhi, India"
132585,Huawei,332,350,27/08/22 ,"Sim_Company_11,Munich, Germany"
132586,iPhone 13,626,1000,24/08/22 ,"Sim_Company_12,Hanoi, Vietnam"
132587,Samsung Galexy S22,826,1100,05/08/22 ,"Sim_Company_3,Boston, United States"
132588,iPhone 12,112,700,20/08/22 ,"Sim_Company_8,Mexico City, Mexico"
132589,Samsung Galexy S22,351,1100,16/08/22 ,"Sim_Company_7,Yokohama, Japan"
132590,iPhone 13,267,1000,02/08/22 ,"Sim_Company_2,Delhi, India"
132591,Samsung Galexy S21,388,800,07/08/22 ,"Sim_Company_18,Bangkok, Thailand"
132592,iPhone 13,87,1000,28/08/22 ,"Sim_Company_7,Yokohama, Japan"
132593,iPhone 13,807,1000,04/08/22 ,"Sim_Company_3,Boston, United States"
132594,Samsung Galexy S22,685,1100,23/08/22 ,"Sim_Company_18,Bangkok, Thailand"
132595,Samsung Galexy S22,6297,1100,30/08/22 ,"Sim_Company_3,Boston, United States"
132596,Sony Xperia 10,169,700,23/08/22 ,"Sim_Company_5,Sao Paulo, Brazil"
132597,iPhone 11,353,500,17/08/22 ,"Sim_Company_2,Delhi, India"
132598,Nokia c200,280,400,26/08/22 ,"Sim_Company_17,Islamabad, Pakistan"
132599,Sony Xperia 5,84,450,17/08/22 ,"Sim_Company_2,Delhi, India"
132600,Nokia c200,87,400,02/08/22 ,"Sim_Company_19,Milan, Italy"
132601,Samsung Galexy S21,242,800,13/08/22 ,"Sim_Company_16,Giza, Egypt"
132602,Samsung Galexy S22,326,1100,26/08/22 ,"Sim_Company_20,Durban, South Africa"
132603,iPhone 11,463,500,16/08/22 ,"Sim_Company_3,Boston, United States"
132604,Samsung Galexy S22,720,1100,20/08/22 ,"Sim_Company_14,Ankara, Turkey"
132605,iPhone 12,254,700,31/08/22 ,"Sim_Company_3,Boston, United States"
132606,Samsung Galexy S10,24,300,07/08/22 ,"Sim_Company_18,Bangkok, Thailand"
132607,Samsung Galexy S10,96,300,21/08/22 ,"Sim_Company_1,Beijing, China"
132608,Samsung Galexy S22,2366,1100,06/08/22 ,"Sim_Company_5,Sao Paulo, Brazil"
132609,iPhone 13,776,1000,22/08/22 ,"Sim_Company_5,Sao Paulo, Brazil"
132610,iPhone 13,2475,1000,14/08/22 ,"Sim_Company_3,Boston, United States"
132611,Samsung Galexy S22,241,1100,20/08/22 ,"Sim_Company_6,Moscow, Russia"
132612,Sony Xperia 10,205,700,10/08/22 ,"Sim_Company_15,Isfahan, Iran"
132613,Samsung Galexy S10,41,300,27/08/22 ,"Sim_Company_4,Jakarta, Indonesia"
132614,Samsung Galexy S21,1062,800,31/08/22 ,"Sim_Company_19,Milan, Italy"
132615,Samsung Galexy S10,98,300,05/08/22 ,"Sim_Company_5,Sao Paulo, Brazil"
132616,Sony Xperia 10,125,700,17/08/22 ,"Sim_Company_4,Jakarta, Indonesia"
132617,Google Android,148,900,11/08/22 ,"Sim_Company_3,Boston, United States"
132618,Nokia c200,48,400,31/08/22 ,"Sim_Company_13,Dhaka, Bangladesh"
132619,Samsung Galexy S10,150,300,29/08/22 ,"Sim_Company_18,Bangkok, Thailand"
132620,iPhone 13,23,1000,17/08/22 ,"Sim_Company_1,Beijing, China"
132621,iPhone 13,204,1000,21/08/22 ,"Sim_Company_3,Boston, United States"
132622,Sony Xperia 10,758,700,13/08/22 ,"Sim_Company_1,Beijing, China"
132623,Samsung Galexy S10,499,300,26/08/22 ,"Sim_Company_14,Ankara, Turkey"
132624,Samsung Galexy S22,527,1100,09/08/22 ,"Sim_Company_2,Delhi, India"
132625,iPhone 11,11,500,29/08/22 ,"Sim_Company_7,Yokohama, Japan"
132626,Nokia c200,3,400,07/08/22 ,"Sim_Company_6,Moscow, Russia"
132627,Huawei,298,350,10/08/22 ,"Sim_Company_16,Giza, Egypt"
132628,iPhone 11,1098,500,04/08/22 ,"Sim_Company_19,Milan, Italy"
132629,Huawei,32,350,26/08/22 ,"Sim_Company_3,Boston, United States"
132630,iPhone 13,2029,1000,20/08/22 ,"Sim_Company_5,Sao Paulo, Brazil"
132631,Samsung Galexy S22,323,1100,06/08/22 ,"Sim_Company_13,Dhaka, Bangladesh"
132632,Huawei,610,350,13/08/22 ,"Sim_Company_5,Sao Paulo, Brazil"
132633,iPhone 13,1055,1000,02/08/22 ,"Sim_Company_2,Delhi, India"
132634,Samsung Galexy S21,40,800,17/08/22 ,"Sim_Company_13,Dhaka, Bangladesh"
132635,Samsung Galexy S22,806,1100,22/08/22 ,"Sim_Company_18,Bangkok, Thailand"
132636,Nokia c200,451,400,17/08/22 ,"Sim_Company_3,Boston, United States"
132637,iPhone 11,1358,500,24/08/22 ,"Sim_Company_15,Isfahan, Iran"
132638,Sony Xperia 10,8,700,28/08/22 ,"Sim_Company_2,Delhi, India"
132639,Samsung Galexy S22,3040,1100,09/08/22 ,"Sim_Company_6,Moscow, Russia"
132640,Nokia c200,93,400,17/08/22 ,"Sim_Company_6,Moscow, Russia"
132641,iPhone 11,253,500,03/08/22 ,"Sim_Company_4,Jakarta, Indonesia"
132642,iPhone 12,316,700,22/08/22 ,"Sim_Company_16,Giza, Egypt"
132643,Sony Xperia 10,881,700,29/08/22 ,"Sim_Company_5,Sao Paulo, Brazil"
132644,Samsung Galexy S21,142,800,21/08/22 ,"Sim_Company_14,Ankara, Turkey"
132645,Samsung Galexy S10,129,300,13/08/22 ,"Sim_Company_1,Beijing, China"
132646,iPhone 13,167,1000,31/08/22 ,"Sim_Company_6,Moscow, Russia"
132647,Samsung Galexy S21,163,800,06/08/22 ,"Sim_Company_13,Dhaka, Bangladesh"
132648,Samsung Galexy S21,1105,800,29/08/22 ,"Sim_Company_5,Sao Paulo, Brazil"
132649,Huawei,403,350,10/08/22 ,"Sim_Company_5,Sao Paulo, Brazil"
132650,iPhone 11,261,500,25/08/22 ,"Sim_Company_19,Milan, Italy"
132651,iPhone 12,125,700,24/08/22 ,"Sim_Company_10,Manila, Philippines"
132652,Google Android,141,900,28/08/22 ,"Sim_Company_3,Boston, United States"
132653,iPhone 12,189,700,07/08/22 ,"Sim_Company_4,Jakarta, Indonesia"
132654,Huawei,103,350,03/08/22 ,"Sim_Company_6,Moscow, Russia"
132655,Samsung Galexy S21,189,800,09/08/22 ,"Sim_Company_1,Beijing, China"
132656,iPhone 13,1021,1000,18/08/22 ,"Sim_Company_10,Manila, Philippines"
132657,Huawei,363,350,01/08/22 ,"Sim_Company_10,Manila, Philippines"
132658,Nokia c100,61,200,09/08/22 ,"Sim_Company_7,Yokohama, Japan"
132659,Nokia c200,383,400,10/08/22 ,"Sim_Company_4,Jakarta, Indonesia"
132660,iPhone 12,1829,700,07/08/22 ,"Sim_Company_12,Hanoi, Vietnam"
132661,Sony Xperia 5,762,450,24/08/22 ,"Sim_Company_17,Islamabad, Pakistan"
132662,Samsung Galexy S10,69,300,21/08/22 ,"Sim_Company_14,Ankara, Turkey"
132663,iPhone 12,885,700,25/08/22 ,"Sim_Company_3,Boston, United States"
132664,Samsung Galexy S21,1446,800,30/08/22 ,"Sim_Company_12,Hanoi, Vietnam"
132665,Huawei,61,350,14/08/22 ,"Sim_Company_2,Delhi, India"
132666,Samsung Galexy S21,127,800,08/08/22 ,"Sim_Company_14,Ankara, Turkey"
132667,Huawei,230,350,23/08/22 ,"Sim_Company_8,Mexico City, Mexico"
132668,Sony Xperia 10,107,700,01/08/22 ,"Sim_Company_4,Jakarta, Indonesia"
132669,Samsung Galexy S21,168,800,21/08/22 ,"Sim_Company_8,Mexico City, Mexico"
132670,Samsung Galexy S22,715,1100,28/08/22 ,"Sim_Company_2,Delhi, India"
132671,Samsung Galexy S10,182,300,29/08/22 ,"Sim_Company_13,Dhaka, Bangladesh"
132672,Huawei,740,350,04/08/22 ,"Sim_Company_8,Mexico City, Mexico"
132673,Samsung Galexy S10,104,300,25/08/22 ,"Sim_Company_4,Jakarta, Indonesia"
132674,Samsung Galexy S21,209,800,08/08/22 ,"Sim_Company_4,Jakarta, Indonesia"
132675,Google Android,2470,900,19/08/22 ,"Sim_Company_7,Yokohama, Japan"
132676,iPhone 11,218,500,21/08/22 ,"Sim_Company_1,Beijing, China"
132677,Samsung Galexy S22,425,1100,15/08/22 ,"Sim_Company_7,Yokohama, Japan"
132678,Nokia c200,38,400,17/08/22 ,"Sim_Company_11,Munich, Germany"
132679,Nokia c200,56,400,03/08/22 ,"Sim_Company_4,Jakarta, Indonesia"
132680,iPhone 13,1449,1000,02/08/22 ,"Sim_Company_3,Boston, United States"
132681,Samsung Galexy S22,1691,1100,20/08/22 ,"Sim_Company_5,Sao Paulo, Brazil"
132682,Sony Xperia 10,1000,700,03/08/22 ,"Sim_Company_8,Mexico City, Mexico"
132683,Sony Xperia 10,594,700,05/08/22 ,"Sim_Company_20,Durban, South Africa"
132684,Sony Xperia 5,701,450,23/08/22 ,"Sim_Company_13,Dhaka, Bangladesh"
132685,Sony Xperia 10,287,700,09/08/22 ,"Sim_Company_2,Delhi, India"
132686,iPhone 12,160,700,06/08/22 ,"Sim_Company_1,Beijing, China"
132687,Samsung Galexy S21,557,800,24/08/22 ,"Sim_Company_3,Boston, United States"
132688,iPhone 13,199,1000,16/08/22 ,"Sim_Company_6,Moscow, Russia"
132689,Samsung Galexy S21,661,800,01/09/22 ,"Sim_Company_1,Beijing, China"
132690,iPhone 12,182,700,23/08/22 ,"Sim_Company_3,Boston, United States"
132691,Huawei,613,350,06/08/22 ,"Sim_Company_2,Delhi, India"
132692,Nokia c200,17,400,29/08/22 ,"Sim_Company_9,Lagos, Nigeria"
132693,iPhone 13,817,1000,28/08/22 ,"Sim_Company_14,Ankara, Turkey"
132694,Sony Xperia 5,257,450,08/08/22 ,"Sim_Company_12,Hanoi, Vietnam"
132695,Nokia c200,887,400,31/08/22 ,"Sim_Company_6,Moscow, Russia"
132696,iPhone 12,1283,700,04/08/22 ,"Sim_Company_1,Beijing, China"
132697,Huawei,301,350,27/08/22 ,"Sim_Company_16,Giza, Egypt"
132698,Samsung Galexy S10,122,300,05/08/22 ,"Sim_Company_15,Isfahan, Iran"
132699,iPhone 12,307,700,26/08/22 ,"Sim_Company_5,Sao Paulo, Brazil"
132700,iPhone 11,799,500,30/08/22 ,"Sim_Company_7,Yokohama, Japan"
132701,iPhone 13,260,1000,20/08/22 ,"Sim_Company_3,Boston, United States"
132702,iPhone 13,4014,1000,03/08/22 ,"Sim_Company_19,Milan, Italy"
132703,Samsung Galexy S22,1478,1100,13/08/22 ,"Sim_Company_4,Jakarta, Indonesia"
132704,iPhone 12,1264,700,03/08/22 ,"Sim_Company_10,Manila, Philippines"
132705,Sony Xperia 10,976,700,07/08/22 ,"Sim_Company_4,Jakarta, Indonesia"
132706,Google Android,1858,900,18/08/22 ,"Sim_Company_12,Hanoi, Vietnam"
132707,iPhone 11,1232,500,28/08/22 ,"Sim_Company_3,Boston, United States"
132708,Samsung Galexy S22,1779,1100,16/08/22 ,"Sim_Company_11,Munich, Germany"
132709,iPhone 11,594,500,06/08/22 ,"Sim_Company_1,Beijing, China"
132710,iPhone 11,401,500,12/08/22 ,"Sim_Company_19,Milan, Italy"
132711,iPhone 11,31,500,21/08/22 ,"Sim_Company_4,Jakarta, Indonesia"
132712,Samsung Galexy S21,604,800,09/08/22 ,"Sim_Company_4,Jakarta, Indonesia"
132713,iPhone 13,1244,1000,06/08/22 ,"Sim_Company_8,Mexico City, Mexico"
132714,Nokia c200,78,400,22/08/22 ,"Sim_Company_3,Boston, United States"
132715,Google Android,1202,900,25/08/22 ,"Sim_Company_5,Sao Paulo, Brazil"
132716,Samsung Galexy S21,266,800,17/08/22 ,"Sim_Company_1,Beijing, China"
132717,iPhone 11,858,500,14/08/22 ,"Sim_Company_1,Beijing, China"
132718,Sony Xperia 10,302,700,21/08/22 ,"Sim_Company_1,Beijing, China"
132719,Samsung Galexy S10,126,300,05/08/22 ,"Sim_Company_3,Boston, United States"
132720,iPhone 12,217,700,30/08/22 ,"Sim_Company_17,Islamabad, Pakistan"
132721,iPhone 13,363,1000,05/08/22 ,"Sim_Company_8,Mexico City, Mexico"
132722,iPhone 11,153,500,07/08/22 ,"Sim_Company_7,Yokohama, Japan"
132723,iPhone 12,789,700,30/08/22 ,"Sim_Company_20,Durban, South Africa"
132724,Nokia c100,156,200,21/08/22 ,"Sim_Company_6,Moscow, Russia"
132725,Samsung Galexy S22,1304,1100,24/08/22 ,"Sim_Company_14,Ankara, Turkey"
132726,Nokia c100,192,200,28/08/22 ,"Sim_Company_4,Jakarta, Indonesia"
132727,Samsung Galexy S22,868,1100,01/08/22 ,"Sim_Company_1,Beijing, China"
132728,Samsung Galexy S10,98,300,04/08/22 ,"Sim_Company_2,Delhi, India"
132729,iPhone 13,24,1000,23/08/22 ,"Sim_Company_1,Beijing, China"
132730,iPhone 11,1060,500,08/08/22 ,"Sim_Company_13,Dhaka, Bangladesh"
132731,Samsung Galexy S22,722,1100,25/08/22 ,"Sim_Company_6,Moscow, Russia"
132732,Samsung Galexy S10,25,300,27/08/22 ,"Sim_Company_19,Milan, Italy"
132733,Nokia c200,28,400,27/08/22 ,"Sim_Company_11,Munich, Germany"
132734,Nokia c100,86,200,26/08/22 ,"Sim_Company_14,Ankara, Turkey"
132735,iPhone 13,526,1000,20/08/22 ,"Sim_Company_8,Mexico City, Mexico"
132736,iPhone 12,414,700,01/08/22 ,"Sim_Company_12,Hanoi, Vietnam"
132737,Nokia c100,25,200,10/08/22 ,"Sim_Company_11,Munich, Germany"
132738,iPhone 13,6608,1000,27/08/22 ,"Sim_Company_20,Durban, South Africa"
132739,iPhone 11,387,500,01/08/22 ,"Sim_Company_18,Bangkok, Thailand"
132740,Sony Xperia 10,547,700,21/08/22 ,"Sim_Company_9,Lagos, Nigeria"
132741,Samsung Galexy S22,1588,1100,31/08/22 ,"Sim_Company_4,Jakarta, Indonesia"
132742,Huawei,265,350,12/08/22 ,"Sim_Company_10,Manila, Philippines"
132743,Samsung Galexy S22,58,1100,08/08/22 ,"Sim_Company_12,Hanoi, Vietnam"
132744,Huawei,860,350,01/08/22 ,"Sim_Company_5,Sao Paulo, Brazil"
132745,Samsung Galexy S22,1326,1100,06/08/22 ,"Sim_Company_4,Jakarta, Indonesia"
132746,Huawei,194,350,25/08/22 ,"Sim_Company_5,Sao Paulo, Brazil"
132747,iPhone 13,2698,1000,18/08/22 ,"Sim_Company_1,Beijing, China"
132748,Google Android,1178,900,02/08/22 ,"Sim_Company_11,Munich, Germany"
132749,Sony Xperia 5,142,450,17/08/22 ,"Sim_Company_15,Isfahan, Iran"
132750,Nokia c200,578,400,02/08/22 ,"Sim_Company_17,Islamabad, Pakistan"
132751,Samsung Galexy S22,1503,1100,30/08/22 ,"Sim_Company_13,Dhaka, Bangladesh"
132752,iPhone 11,1906,500,17/08/22 ,"Sim_Company_2,Delhi, India"
132753,iPhone 12,1650,700,03/08/22 ,"Sim_Company_11,Munich, Germany"
132754,Samsung Galexy S21,2171,800,30/08/22 ,"Sim_Company_3,Boston, United States"
132755,Google Android,203,900,15/08/22 ,"Sim_Company_17,Islamabad, Pakistan"
132756,iPhone 13,335,1000,12/08/22 ,"Sim_Company_12,Hanoi, Vietnam"
132757,Samsung Galexy S22,532,1100,14/08/22 ,"Sim_Company_1,Beijing, China"
132758,iPhone 13,365,1000,19/08/22 ,"Sim_Company_5,Sao Paulo, Brazil"
132759,Huawei,9,350,26/08/22 ,"Sim_Company_13,Dhaka, Bangladesh"
132760,Huawei,374,350,16/08/22 ,"Sim_Company_7,Yokohama, Japan"
132761,iPhone 13,670,1000,25/08/22 ,"Sim_Company_10,Manila, Philippines"
132762,Samsung Galexy S21,452,800,25/08/22 ,"Sim_Company_12,Hanoi, Vietnam"
132763,iPhone 13,1523,1000,06/08/22 ,"Sim_Company_4,Jakarta, Indonesia"
132764,Sony Xperia 5,488,450,30/08/22 ,"Sim_Company_17,Islamabad, Pakistan"
132765,Samsung Galexy S22,438,1100,23/08/22 ,"Sim_Company_2,Delhi, India"
132766,Huawei,199,350,17/08/22 ,"Sim_Company_12,Hanoi, Vietnam"
132767,Samsung Galexy S22,910,1100,27/08/22 ,"Sim_Company_19,Milan, Italy"
132768,Huawei,307,350,04/08/22 ,"Sim_Company_13,Dhaka, Bangladesh"
132769,Google Android,1035,900,30/08/22 ,"Sim_Company_10,Manila, Philippines"
132770,Huawei,258,350,29/08/22 ,"Sim_Company_20,Durban, South Africa"
132771,Google Android,155,900,18/08/22 ,"Sim_Company_1,Beijing, China"
132772,iPhone 11,986,500,23/08/22 ,"Sim_Company_9,Lagos, Nigeria"
132773,Samsung Galexy S21,815,800,05/08/22 ,"Sim_Company_6,Moscow, Russia"
132774,Sony Xperia 10,570,700,09/08/22 ,"Sim_Company_1,Beijing, China"
132775,Sony Xperia 5,186,450,28/08/22 ,"Sim_Company_4,Jakarta, Indonesia"
132776,iPhone 13,261,1000,06/08/22 ,"Sim_Company_5,Sao Paulo, Brazil"
132777,Huawei,929,350,29/08/22 ,"Sim_Company_13,Dhaka, Bangladesh"
132778,Samsung Galexy S21,2414,800,27/08/22 ,"Sim_Company_7,Yokohama, Japan"
132779,Sony Xperia 10,212,700,06/08/22 ,"Sim_Company_12,Hanoi, Vietnam"
132780,Huawei,256,350,23/08/22 ,"Sim_Company_6,Moscow, Russia"
132781,iPhone 11,502,500,23/08/22 ,"Sim_Company_20,Durban, South Africa"
132782,Samsung Galexy S21,309,800,24/08/22 ,"Sim_Company_3,Boston, United States"
132783,iPhone 12,253,700,25/08/22 ,"Sim_Company_19,Milan, Italy"
132784,iPhone 12,232,700,21/08/22 ,"Sim_Company_1,Beijing, China"
132785,iPhone 13,5832,1000,01/08/22 ,"Sim_Company_1,Beijing, China"
132786,iPhone 11,36,500,14/08/22 ,"Sim_Company_1,Beijing, China"
132787,iPhone 13,332,1000,28/08/22 ,"Sim_Company_19,Milan, Italy"
132788,Google Android,180,900,01/08/22 ,"Sim_Company_7,Yokohama, Japan"
132789,iPhone 12,122,700,30/08/22 ,"Sim_Company_4,Jakarta, Indonesia"
132790,Samsung Galexy S22,829,1100,28/08/22 ,"Sim_Company_1,Beijing, China"
132791,iPhone 13,2370,1000,04/08/22 ,"Sim_Company_3,Boston, United States"
132792,Samsung Galexy S21,1137,800,03/08/22 ,"Sim_Company_1,Beijing, China"
132793,iPhone 13,1336,1000,08/08/22 ,"Sim_Company_5,Sao Paulo, Brazil"
132794,Samsung Galexy S10,61,300,13/08/22 ,"Sim_Company_10,Manila, Philippines"
132795,iPhone 12,217,700,01/08/22 ,"Sim_Company_3,Boston, United States"
132796,iPhone 12,325,700,25/08/22 ,"Sim_Company_5,Sao Paulo, Brazil"
132797,Samsung Galexy S22,489,1100,18/08/22 ,"Sim_Company_3,Boston, United States"
132798,Sony Xperia 10,326,700,02/08/22 ,"Sim_Company_4,Jakarta, Indonesia"
132799,Google Android,1766,900,09/08/22 ,"Sim_Company_19,Milan, Italy"
132800,Samsung Galexy S22,311,1100,13/08/22 ,"Sim_Company_1,Beijing, China"
132801,Nokia c200,151,400,04/08/22 ,"Sim_Company_10,Manila, Philippines"
132802,Sony Xperia 5,397,450,01/08/22 ,"Sim_Company_1,Beijing, China"
132803,iPhone 11,107,500,05/08/22 ,"Sim_Company_4,Jakarta, Indonesia"
132804,iPhone 11,688,500,03/08/22 ,"Sim_Company_1,Beijing, China"
132805,iPhone 11,303,500,11/08/22 ,"Sim_Company_1,Beijing, China"
132806,Huawei,1098,350,30/08/22 ,"Sim_Company_1,Beijing, China"
132807,Sony Xperia 10,992,700,21/08/22 ,"Sim_Company_1,Beijing, China"
132808,Samsung Galexy S10,398,300,04/08/22 ,"Sim_Company_11,Munich, Germany"
132809,Samsung Galexy S21,183,800,10/08/22 ,"Sim_Company_3,Boston, United States"
132810,Samsung Galexy S22,970,1100,17/08/22 ,"Sim_Company_4,Jakarta, Indonesia"
132811,Nokia c100,533,200,20/08/22 ,"Sim_Company_7,Yokohama, Japan"
132812,iPhone 13,37,1000,25/08/22 ,"Sim_Company_15,Isfahan, Iran"
132813,Nokia c100,113,200,25/08/22 ,"Sim_Company_14,Ankara, Turkey"
132814,iPhone 13,355,1000,20/08/22 ,"Sim_Company_11,Munich, Germany"
132815,Nokia c200,238,400,13/08/22 ,"Sim_Company_1,Beijing, China"
132816,Samsung Galexy S10,181,300,09/08/22 ,"Sim_Company_19,Milan, Italy"
132817,iPhone 12,585,700,02/08/22 ,"Sim_Company_7,Yokohama, Japan"
132818,Sony Xperia 5,387,450,14/08/22 ,"Sim_Company_4,Jakarta, Indonesia"
132819,iPhone 11,274,500,04/08/22 ,"Sim_Company_4,Jakarta, Indonesia"
132820,Sony Xperia 5,423,450,25/08/22 ,"Sim_Company_11,Munich, Germany"
132821,Sony Xperia 10,648,700,02/08/22 ,"Sim_Company_13,Dhaka, Bangladesh"
132822,Samsung Galexy S21,197,800,06/08/22 ,"Sim_Company_6,Moscow, Russia"
132823,Google Android,1272,900,01/08/22 ,"Sim_Company_11,Munich, Germany"
132824,Samsung Galexy S10,443,300,10/08/22 ,"Sim_Company_2,Delhi, India"
132825,Samsung Galexy S22,3665,1100,05/08/22 ,"Sim_Company_16,Giza, Egypt"
132826,Samsung Galexy S10,23,300,10/08/22 ,"Sim_Company_7,Yokohama, Japan"
132827,Sony Xperia 10,568,700,27/08/22 ,"Sim_Company_1,Beijing, China"
132828,Samsung Galexy S21,124,800,25/08/22 ,"Sim_Company_20,Durban, South Africa"
132829,iPhone 11,3145,500,24/08/22 ,"Sim_Company_20,Durban, South Africa"
132830,Sony Xperia 10,634,700,31/08/22 ,"Sim_Company_18,Bangkok, Thailand"
132831,Samsung Galexy S22,404,1100,11/08/22 ,"Sim_Company_4,Jakarta, Indonesia"
132832,Google Android,91,900,27/08/22 ,"Sim_Company_15,Isfahan, Iran"
132833,Samsung Galexy S22,2236,1100,25/08/22 ,"Sim_Company_19,Milan, Italy"
132834,iPhone 11,946,500,04/08/22 ,"Sim_Company_13,Dhaka, Bangladesh"
132835,Huawei,354,350,26/08/22 ,"Sim_Company_4,Jakarta, Indonesia"
132836,Sony Xperia 10,228,700,31/08/22 ,"Sim_Company_9,Lagos, Nigeria"
132837,Google Android,77,900,26/08/22 ,"Sim_Company_2,Delhi, India"
132838,iPhone 12,1067,700,02/08/22 ,"Sim_Company_7,Yokohama, Japan"
132839,Huawei,31,350,21/08/22 ,"Sim_Company_10,Manila, Philippines"
132840,Samsung Galexy S21,1415,800,14/08/22 ,"Sim_Company_11,Munich, Germany"
132841,iPhone 13,768,1000,18/08/22 ,"Sim_Company_3,Boston, United States"
132842,iPhone 13,596,1000,10/08/22 ,"Sim_Company_20,Durban, South Africa"
132843,Samsung Galexy S21,278,800,13/08/22 ,"Sim_Company_17,Islamabad, Pakistan"
132844,Samsung Galexy S10,269,300,01/08/22 ,"Sim_Company_9,Lagos, Nigeria"
132845,Google Android,451,900,27/08/22 ,"Sim_Company_20,Durban, South Africa"
132846,iPhone 13,1840,1000,04/08/22 ,"Sim_Company_9,Lagos, Nigeria"
132847,iPhone 13,525,1000,18/08/22 ,"Sim_Company_2,Delhi, India"
132848,Samsung Galexy S22,2746,1100,23/08/22 ,"Sim_Company_14,Ankara, Turkey"
132849,Sony Xperia 5,89,450,31/08/22 ,"Sim_Company_11,Munich, Germany"
132850,iPhone 13,14,1000,14/08/22 ,"Sim_Company_6,Moscow, Russia"
132851,Samsung Galexy S22,1152,1100,04/08/22 ,"Sim_Company_6,Moscow, Russia"
132852,Huawei,168,350,08/08/22 ,"Sim_Company_5,Sao Paulo, Brazil"
132853,Google Android,1690,900,01/08/22 ,"Sim_Company_10,Manila, Philippines"
132854,iPhone 12,33,700,28/08/22 ,"Sim_Company_9,Lagos, Nigeria"
132855,Samsung Galexy S21,465,800,19/08/22 ,"Sim_Company_9,Lagos, Nigeria"
132856,Huawei,170,350,22/08/22 ,"Sim_Company_17,Islamabad, Pakistan"
132857,Samsung Galexy S10,215,300,13/08/22 ,"Sim_Company_1,Beijing, China"
132858,iPhone 13,790,1000,24/08/22 ,"Sim_Company_5,Sao Paulo, Brazil"
132859,iPhone 12,312,700,31/08/22 ,"Sim_Company_12,Hanoi, Vietnam"
132860,Sony Xperia 10,1056,700,31/08/22 ,"Sim_Company_1,Beijing, China"
132861,Sony Xperia 10,1302,700,06/08/22 ,"Sim_Company_11,Munich, Germany"
132862,Samsung Galexy S21,616,800,30/08/22 ,"Sim_Company_2,Delhi, India"
132863,iPhone 12,1008,700,25/08/22 ,"Sim_Company_3,Boston, United States"
132864,Samsung Galexy S10,319,300,22/08/22 ,"Sim_Company_6,Moscow, Russia"
132865,iPhone 11,701,500,03/08/22 ,"Sim_Company_14,Ankara, Turkey"
132866,Sony Xperia 10,4,700,10/08/22 ,"Sim_Company_14,Ankara, Turkey"
132867,Sony Xperia 5,28,450,29/08/22 ,"Sim_Company_5,Sao Paulo, Brazil"
132868,Sony Xperia 5,173,450,09/08/22 ,"Sim_Company_20,Durban, South Africa"
132869,Samsung Galexy S22,249,1100,13/08/22 ,"Sim_Company_3,Boston, United States"
132870,Sony Xperia 10,531,700,02/08/22 ,"Sim_Company_15,Isfahan, Iran"
132871,Sony Xperia 5,296,450,02/08/22 ,"Sim_Company_10,Manila, Philippines"
132872,iPhone 13,766,1000,09/08/22 ,"Sim_Company_16,Giza, Egypt"
132873,Huawei,92,350,31/08/22 ,"Sim_Company_15,Isfahan, Iran"
132874,Sony Xperia 10,559,700,24/08/22 ,"Sim_Company_14,Ankara, Turkey"
132875,iPhone 13,131,1000,28/08/22 ,"Sim_Company_10,Manila, Philippines"
132876,Google Android,249,900,18/08/22 ,"Sim_Company_16,Giza, Egypt"
132877,Samsung Galexy S21,754,800,12/08/22 ,"Sim_Company_12,Hanoi, Vietnam"
132878,iPhone 11,528,500,17/08/22 ,"Sim_Company_2,Delhi, India"
132879,Sony Xperia 10,615,700,06/08/22 ,"Sim_Company_9,Lagos, Nigeria"
132880,Samsung Galexy S22,2859,1100,12/08/22 ,"Sim_Company_4,Jakarta, Indonesia"
132881,iPhone 12,3861,700,04/08/22 ,"Sim_Company_16,Giza, Egypt"
132882,iPhone 11,727,500,23/08/22 ,"Sim_Company_17,Islamabad, Pakistan"
132883,Nokia c200,1086,400,06/08/22 ,"Sim_Company_11,Munich, Germany"
132884,iPhone 13,567,1000,23/08/22 ,"Sim_Company_3,Boston, United States"
132885,Samsung Galexy S22,108,1100,10/08/22 ,"Sim_Company_9,Lagos, Nigeria"
132886,Google Android,480,900,18/08/22 ,"Sim_Company_6,Moscow, Russia"
132887,Samsung Galexy S22,245,1100,08/08/22 ,"Sim_Company_13,Dhaka, Bangladesh"
132888,Samsung Galexy S21,319,800,15/08/22 ,"Sim_Company_7,Yokohama, Japan"
132889,Samsung Galexy S21,4150,800,21/08/22 ,"Sim_Company_9,Lagos, Nigeria"
132890,Huawei,285,350,27/08/22 ,"Sim_Company_3,Boston, United States"
132891,iPhone 13,1422,1000,21/08/22 ,"Sim_Company_6,Moscow, Russia"
132892,Samsung Galexy S22,1795,1100,23/08/22 ,"Sim_Company_5,Sao Paulo, Brazil"
132893,iPhone 12,388,700,08/08/22 ,"Sim_Company_7,Yokohama, Japan"
132894,Nokia c100,204,200,30/08/22 ,"Sim_Company_17,Islamabad, Pakistan"
132895,iPhone 11,449,500,12/08/22 ,"Sim_Company_7,Yokohama, Japan"
132896,iPhone 13,1744,1000,26/08/22 ,"Sim_Company_11,Munich, Germany"
132897,iPhone 13,343,1000,22/08/22 ,"Sim_Company_17,Islamabad, Pakistan"
132898,Nokia c200,92,400,17/08/22 ,"Sim_Company_3,Boston, United States"
132899,Huawei,678,350,11/08/22 ,"Sim_Company_20,Durban, South Africa"
132900,iPhone 13,507,1000,05/08/22 ,"Sim_Company_7,Yokohama, Japan"
132901,iPhone 11,467,500,05/08/22 ,"Sim_Company_4,Jakarta, Indonesia"
132902,Google Android,537,900,18/08/22 ,"Sim_Company_11,Munich, Germany"
132903,iPhone 12,758,700,07/08/22 ,"Sim_Company_8,Mexico City, Mexico"
132904,Nokia c200,74,400,25/08/22 ,"Sim_Company_12,Hanoi, Vietnam"
132905,Samsung Galexy S22,78,1100,19/08/22 ,"Sim_Company_13,Dhaka, Bangladesh"
132906,Samsung Galexy S22,1875,1100,07/08/22 ,"Sim_Company_16,Giza, Egypt"
132907,Google Android,779,900,23/08/22 ,"Sim_Company_14,Ankara, Turkey"
132908,Nokia c100,42,200,31/08/22 ,"Sim_Company_3,Boston, United States"
132909,Samsung Galexy S22,1291,1100,07/08/22 ,"Sim_Company_3,Boston, United States"
132910,Samsung Galexy S22,349,1100,26/08/22 ,"Sim_Company_6,Moscow, Russia"
132911,Google Android,1719,900,30/08/22 ,"Sim_Company_11,Munich, Germany"
132912,Sony Xperia 10,19,700,08/08/22 ,"Sim_Company_6,Moscow, Russia"
132913,iPhone 13,1656,1000,24/08/22 ,"Sim_Company_2,Delhi, India"
132914,iPhone 12,271,700,05/08/22 ,"Sim_Company_12,Hanoi, Vietnam"
132915,Samsung Galexy S21,284,800,16/08/22 ,"Sim_Company_12,Hanoi, Vietnam"
132916,Samsung Galexy S10,127,300,09/08/22 ,"Sim_Company_6,Moscow, Russia"
132917,iPhone 12,223,700,01/08/22 ,"Sim_Company_19,Milan, Italy"
132918,Samsung Galexy S10,76,300,12/08/22 ,"Sim_Company_19,Milan, Italy"
132919,Samsung Galexy S22,144,1100,25/08/22 ,"Sim_Company_17,Islamabad, Pakistan"
132920,iPhone 11,167,500,02/08/22 ,"Sim_Company_8,Mexico City, Mexico"
132921,Samsung Galexy S22,1677,1100,10/08/22 ,"Sim_Company_20,Durban, South Africa"
132922,iPhone 13,2712,1000,28/08/22 ,"Sim_Company_20,Durban, South Africa"
132923,iPhone 13,813,1000,04/08/22 ,"Sim_Company_5,Sao Paulo, Brazil"
132924,Samsung Galexy S22,1614,1100,11/08/22 ,"Sim_Company_5,Sao Paulo, Brazil"
132925,iPhone 11,45,500,25/08/22 ,"Sim_Company_14,Ankara, Turkey"
132926,iPhone 12,734,700,29/08/22 ,"Sim_Company_3,Boston, United States"
132927,Samsung Galexy S21,166,800,13/08/22 ,"Sim_Company_12,Hanoi, Vietnam"
132928,iPhone 11,570,500,05/08/22 ,"Sim_Company_7,Yokohama, Japan"
132929,iPhone 11,153,500,17/08/22 ,"Sim_Company_6,Moscow, Russia"
132930,iPhone 12,424,700,01/08/22 ,"Sim_Company_19,Milan, Italy"
132931,Samsung Galexy S21,1469,800,20/08/22 ,"Sim_Company_18,Bangkok, Thailand"
132932,Samsung Galexy S22,1805,1100,18/08/22 ,"Sim_Company_13,Dhaka, Bangladesh"
132933,iPhone 12,723,700,26/08/22 ,"Sim_Company_10,Manila, Philippines"
132934,iPhone 13,4654,1000,30/08/22 ,"Sim_Company_6,Moscow, Russia"
132935,iPhone 13,511,1000,03/08/22 ,"Sim_Company_18,Bangkok, Thailand"
132936,iPhone 11,481,500,19/08/22 ,"Sim_Company_8,Mexico City, Mexico"
132937,iPhone 13,1721,1000,23/08/22 ,"Sim_Company_9,Lagos, Nigeria"
132938,Samsung Galexy S10,238,300,04/08/22 ,"Sim_Company_7,Yokohama, Japan"
132939,Samsung Galexy S22,649,1100,04/08/22 ,"Sim_Company_3,Boston, United States"
132940,iPhone 13,379,1000,25/08/22 ,"Sim_Company_7,Yokohama, Japan"
132941,Google Android,1260,900,24/08/22 ,"Sim_Company_4,Jakarta, Indonesia"
132942,Google Android,812,900,06/08/22 ,"Sim_Company_4,Jakarta, Indonesia"
132943,Sony Xperia 10,264,700,31/08/22 ,"Sim_Company_20,Durban, South Africa"
132944,iPhone 11,906,500,10/08/22 ,"Sim_Company_13,Dhaka, Bangladesh"
132945,Google Android,205,900,01/08/22 ,"Sim_Company_14,Ankara, Turkey"
132946,Samsung Galexy S21,1151,800,05/08/22 ,"Sim_Company_2,Delhi, India"
132947,iPhone 11,105,500,21/08/22 ,"Sim_Company_10,Manila, Philippines"
132948,Samsung Galexy S21,19,800,11/08/22 ,"Sim_Company_14,Ankara, Turkey"
132949,iPhone 13,2335,1000,24/08/22 ,"Sim_Company_7,Yokohama, Japan"
132950,iPhone 12,279,700,12/08/22 ,"Sim_Company_3,Boston, United States"
132951,Google Android,362,900,02/08/22 ,"Sim_Company_3,Boston, United States"
132952,Samsung Galexy S21,224,800,27/08/22 ,"Sim_Company_6,Moscow, Russia"
132953,Samsung Galexy S21,62,800,15/08/22 ,"Sim_Company_20,Durban, South Africa"
132954,iPhone 12,694,700,09/08/22 ,"Sim_Company_3,Boston, United States"
132955,Samsung Galexy S10,218,300,15/08/22 ,"Sim_Company_7,Yokohama, Japan"
132956,Sony Xperia 5,349,450,25/08/22 ,"Sim_Company_15,Isfahan, Iran"
132957,iPhone 13,1949,1000,08/08/22 ,"Sim_Company_6,Moscow, Russia"
132958,Google Android,1134,900,30/08/22 ,"Sim_Company_20,Durban, South Africa"
132959,iPhone 13,1453,1000,08/08/22 ,"Sim_Company_2,Delhi, India"
132960,Samsung Galexy S22,515,1100,17/08/22 ,"Sim_Company_8,Mexico City, Mexico"
132961,Huawei,137,350,08/08/22 ,"Sim_Company_10,Manila, Philippines"
132962,Samsung Galexy S10,925,300,19/08/22 ,"Sim_Company_14,Ankara, Turkey"
132963,Nokia c100,558,200,04/08/22 ,"Sim_Company_6,Moscow, Russia"
132964,iPhone 11,940,500,24/08/22 ,"Sim_Company_20,Durban, South Africa"
132965,Samsung Galexy S10,82,300,07/08/22 ,"Sim_Company_16,Giza, Egypt"
132966,Huawei,1121,350,07/08/22 ,"Sim_Company_18,Bangkok, Thailand"
132967,iPhone 13,1731,1000,25/08/22 ,"Sim_Company_17,Islamabad, Pakistan"
132968,Google Android,2318,900,03/08/22 ,"Sim_Company_10,Manila, Philippines"
132969,Google Android,289,900,04/08/22 ,"Sim_Company_5,Sao Paulo, Brazil"
132970,Samsung Galexy S21,602,800,11/08/22 ,"Sim_Company_2,Delhi, India"
132971,iPhone 12,28,700,19/08/22 ,"Sim_Company_12,Hanoi, Vietnam"
132972,iPhone 12,1262,700,14/08/22 ,"Sim_Company_8,Mexico City, Mexico"
132973,Huawei,889,350,05/08/22 ,"Sim_Company_15,Isfahan, Iran"
132974,Nokia c100,195,200,26/08/22 ,"Sim_Company_11,Munich, Germany"
132975,Google Android,522,900,06/08/22 ,"Sim_Company_2,Delhi, India"
132976,iPhone 12,52,700,08/08/22 ,"Sim_Company_8,Mexico City, Mexico"
132977,Nokia c100,259,200,27/08/22 ,"Sim_Company_4,Jakarta, Indonesia"
132978,Huawei,65,350,11/08/22 ,"Sim_Company_1,Beijing, China"
132979,iPhone 12,122,700,09/08/22 ,"Sim_Company_12,Hanoi, Vietnam"
132980,Nokia c100,1,200,29/08/22 ,"Sim_Company_6,Moscow, Russia"
132981,Nokia c100,198,200,30/08/22 ,"Sim_Company_1,Beijing, China"
132982,iPhone 12,1685,700,20/08/22 ,"Sim_Company_1,Beijing, China"
132983,Huawei,1360,350,06/08/22 ,"Sim_Company_10,Manila, Philippines"
132984,Samsung Galexy S22,472,1100,04/08/22 ,"Sim_Company_15,Isfahan, Iran"
132985,Google Android,4085,900,21/08/22 ,"Sim_Company_8,Mexico City, Mexico"
132986,Google Android,984,900,17/08/22 ,"Sim_Company_3,Boston, United States"
132987,Sony Xperia 5,492,450,11/08/22 ,"Sim_Company_20,Durban, South Africa"
132988,iPhone 11,222,500,24/08/22 ,"Sim_Company_20,Durban, South Africa"
132989,iPhone 13,215,1000,10/08/22 ,"Sim_Company_7,Yokohama, Japan"
132990,Samsung Galexy S22,1473,1100,19/08/22 ,"Sim_Company_4,Jakarta, Indonesia"
132991,iPhone 13,344,1000,20/08/22 ,"Sim_Company_10,Manila, Philippines"
132992,iPhone 12,358,700,19/08/22 ,"Sim_Company_5,Sao Paulo, Brazil"
132993,Samsung Galexy S21,2210,800,02/08/22 ,"Sim_Company_7,Yokohama, Japan"
132994,iPhone 13,488,1000,12/08/22 ,"Sim_Company_6,Moscow, Russia"
132995,iPhone 13,1946,1000,11/08/22 ,"Sim_Company_17,Islamabad, Pakistan"
132996,Samsung Galexy S10,95,300,01/08/22 ,"Sim_Company_6,Moscow, Russia"
132997,Google Android,269,900,30/08/22 ,"Sim_Company_11,Munich, Germany"
132998,Samsung Galexy S22,292,1100,04/08/22 ,"Sim_Company_14,Ankara, Turkey"
132999,iPhone 13,176,1000,08/08/22 ,"Sim_Company_6,Moscow, Russia"
133000,Samsung Galexy S22,96,1100,18/08/22 ,"Sim_Company_5,Sao Paulo, Brazil"
133001,Sony Xperia 10,562,700,17/08/22 ,"Sim_Company_16,Giza, Egypt"
133002,Samsung Galexy S22,741,1100,09/08/22 ,"Sim_Company_20,Durban, South Africa"
133003,iPhone 11,676,500,30/08/22 ,"Sim_Company_16,Giza, Egypt"
133004,Sony Xperia 5,855,450,18/08/22 ,"Sim_Company_10,Manila, Philippines"
133005,Sony Xperia 10,65,700,20/08/22 ,"Sim_Company_12,Hanoi, Vietnam"
133006,Samsung Galexy S22,396,1100,13/08/22 ,"Sim_Company_11,Munich, Germany"
133007,Nokia c200,857,400,09/08/22 ,"Sim_Company_4,Jakarta, Indonesia"
133008,Huawei,10,350,25/08/22 ,"Sim_Company_12,Hanoi, Vietnam"
133009,Samsung Galexy S21,1446,800,25/08/22 ,"Sim_Company_8,Mexico City, Mexico"
133010,iPhone 12,1343,700,02/08/22 ,"Sim_Company_18,Bangkok, Thailand"
133011,iPhone 12,91,700,01/09/22 ,"Sim_Company_16,Giza, Egypt"
133012,iPhone 13,169,1000,12/08/22 ,"Sim_Company_18,Bangkok, Thailand"
133013,iPhone 11,862,500,01/09/22 ,"Sim_Company_4,Jakarta, Indonesia"
133014,Sony Xperia 5,178,450,06/08/22 ,"Sim_Company_9,Lagos, Nigeria"
133015,Nokia c100,773,200,23/08/22 ,"Sim_Company_13,Dhaka, Bangladesh"
133016,Sony Xperia 10,131,700,22/08/22 ,"Sim_Company_3,Boston, United States"
133017,Samsung Galexy S22,585,1100,10/08/22 ,"Sim_Company_16,Giza, Egypt"
133018,iPhone 11,516,500,19/08/22 ,"Sim_Company_2,Delhi, India"
133019,Samsung Galexy S22,342,1100,03/08/22 ,"Sim_Company_13,Dhaka, Bangladesh"
133020,Sony Xperia 10,187,700,02/08/22 ,"Sim_Company_1,Beijing, China"
133021,iPhone 13,924,1000,10/08/22 ,"Sim_Company_5,Sao Paulo, Brazil"
133022,iPhone 12,2458,700,26/08/22 ,"Sim_Company_9,Lagos, Nigeria"
133023,iPhone 13,3423,1000,17/08/22 ,"Sim_Company_12,Hanoi, Vietnam"
133024,Samsung Galexy S22,95,1100,10/08/22 ,"Sim_Company_7,Yokohama, Japan"
133025,Samsung Galexy S21,881,800,20/08/22 ,"Sim_Company_15,Isfahan, Iran"
133026,iPhone 11,28,500,24/08/22 ,"Sim_Company_15,Isfahan, Iran"
133027,iPhone 13,2166,1000,29/08/22 ,"Sim_Company_14,Ankara, Turkey"
133028,Samsung Galexy S21,96,800,08/08/22 ,"Sim_Company_6,Moscow, Russia"
133029,iPhone 11,762,500,19/08/22 ,"Sim_Company_6,Moscow, Russia"
133030,iPhone 13,512,1000,22/08/22 ,"Sim_Company_5,Sao Paulo, Brazil"
133031,iPhone 13,3394,1000,11/08/22 ,"Sim_Company_2,Delhi, India"
133032,Huawei,86,350,18/08/22 ,"Sim_Company_5,Sao Paulo, Brazil"
133033,Samsung Galexy S22,154,1100,30/08/22 ,"Sim_Company_16,Giza, Egypt"
133034,iPhone 11,159,500,02/08/22 ,"Sim_Company_17,Islamabad, Pakistan"
133035,iPhone 11,829,500,28/08/22 ,"Sim_Company_4,Jakarta, Indonesia"
133036,Huawei,1180,350,22/08/22 ,"Sim_Company_7,Yokohama, Japan"
133037,Samsung Galexy S21,4034,800,13/08/22 ,"Sim_Company_13,Dhaka, Bangladesh"
133038,Samsung Galexy S10,37,300,19/08/22 ,"Sim_Company_11,Munich, Germany"
133039,Samsung Galexy S21,117,800,17/08/22 ,"Sim_Company_5,Sao Paulo, Brazil"
133040,iPhone 11,347,500,30/08/22 ,"Sim_Company_7,Yokohama, Japan"
133041,iPhone 13,631,1000,24/08/22 ,"Sim_Company_7,Yokohama, Japan"
133042,Samsung Galexy S22,328,1100,29/08/22 ,"Sim_Company_7,Yokohama, Japan"
133043,Samsung Galexy S22,748,1100,23/08/22 ,"Sim_Company_10,Manila, Philippines"
133044,Sony Xperia 10,124,700,19/08/22 ,"Sim_Company_19,Milan, Italy"
133045,iPhone 12,292,700,07/08/22 ,"Sim_Company_20,Durban, South Africa"
133046,Samsung Galexy S10,94,300,23/08/22 ,"Sim_Company_4,Jakarta, Indonesia"
133047,iPhone 13,59,1000,27/08/22 ,"Sim_Company_9,Lagos, Nigeria"
133048,iPhone 11,394,500,03/08/22 ,"Sim_Company_2,Delhi, India"
133049,iPhone 11,190,500,22/08/22 ,"Sim_Company_8,Mexico City, Mexico"
133050,Huawei,113,350,22/08/22 ,"Sim_Company_2,Delhi, India"
133051,Nokia c100,12,200,09/08/22 ,"Sim_Company_13,Dhaka, Bangladesh"
133052,iPhone 12,1573,700,17/08/22 ,"Sim_Company_3,Boston, United States"
133053,iPhone 12,223,700,06/08/22 ,"Sim_Company_12,Hanoi, Vietnam"
133054,Sony Xperia 10,13,700,15/08/22 ,"Sim_Company_12,Hanoi, Vietnam"
133055,Huawei,122,350,06/08/22 ,"Sim_Company_6,Moscow, Russia"
133056,Samsung Galexy S22,180,1100,27/08/22 ,"Sim_Company_19,Milan, Italy"
133057,iPhone 12,398,700,02/08/22 ,"Sim_Company_13,Dhaka, Bangladesh"
133058,iPhone 13,744,1000,09/08/22 ,"Sim_Company_5,Sao Paulo, Brazil"
133059,Samsung Galexy S22,2348,1100,09/08/22 ,"Sim_Company_10,Manila, Philippines"
133060,iPhone 13,1776,1000,19/08/22 ,"Sim_Company_13,Dhaka, Bangladesh"
133061,Sony Xperia 10,498,700,17/08/22 ,"Sim_Company_3,Boston, United States"
133062,Nokia c100,70,200,20/08/22 ,"Sim_Company_20,Durban, South Africa"
133063,Google Android,1090,900,01/08/22 ,"Sim_Company_3,Boston, United States"
133064,iPhone 13,1297,1000,07/08/22 ,"Sim_Company_14,Ankara, Turkey"
133065,Sony Xperia 10,981,700,11/08/22 ,"Sim_Company_2,Delhi, India"
133066,iPhone 12,147,700,19/08/22 ,"Sim_Company_3,Boston, United States"
133067,Google Android,1200,900,14/08/22 ,"Sim_Company_3,Boston, United States"
133068,iPhone 13,299,1000,30/08/22 ,"Sim_Company_9,Lagos, Nigeria"
133069,Nokia c100,296,200,11/08/22 ,"Sim_Company_5,Sao Paulo, Brazil"
133070,Huawei,320,350,27/08/22 ,"Sim_Company_5,Sao Paulo, Brazil"
133071,Huawei,17,350,02/08/22 ,"Sim_Company_19,Milan, Italy"
133072,Google Android,413,900,15/08/22 ,"Sim_Company_1,Beijing, China"
133073,iPhone 11,526,500,18/08/22 ,"Sim_Company_16,Giza, Egypt"
133074,Samsung Galexy S21,199,800,11/08/22 ,"Sim_Company_1,Beijing, China"
133075,iPhone 13,722,1000,15/08/22 ,"Sim_Company_17,Islamabad, Pakistan"
133076,Sony Xperia 10,385,700,16/08/22 ,"Sim_Company_10,Manila, Philippines"
133077,Nokia c100,409,200,28/08/22 ,"Sim_Company_7,Yokohama, Japan"
133078,Samsung Galexy S22,890,1100,10/08/22 ,"Sim_Company_11,Munich, Germany"
133079,iPhone 13,331,1000,17/08/22 ,"Sim_Company_6,Moscow, Russia"
133080,Samsung Galexy S10,606,300,21/08/22 ,"Sim_Company_4,Jakarta, Indonesia"
133081,Sony Xperia 5,557,450,13/08/22 ,"Sim_Company_17,Islamabad, Pakistan"
133082,iPhone 13,712,1000,19/08/22 ,"Sim_Company_1,Beijing, China"
133083,Huawei,642,350,12/08/22 ,"Sim_Company_10,Manila, Philippines"
133084,iPhone 11,27,500,16/08/22 ,"Sim_Company_10,Manila, Philippines"
133085,Samsung Galexy S22,746,1100,27/08/22 ,"Sim_Company_1,Beijing, China"
133086,iPhone 13,1502,1000,22/08/22 ,"Sim_Company_5,Sao Paulo, Brazil"
133087,iPhone 13,84,1000,13/08/22 ,"Sim_Company_10,Manila, Philippines"
133088,iPhone 13,2688,1000,07/08/22 ,"Sim_Company_11,Munich, Germany"
133089,iPhone 12,146,700,03/08/22 ,"Sim_Company_17,Islamabad, Pakistan"
133090,Sony Xperia 5,832,450,01/08/22 ,"Sim_Company_14,Ankara, Turkey"
133091,Samsung Galexy S10,91,300,17/08/22 ,"Sim_Company_2,Delhi, India"
133092,Nokia c200,159,400,18/08/22 ,"Sim_Company_12,Hanoi, Vietnam"
133093,Nokia c100,431,200,03/08/22 ,"Sim_Company_14,Ankara, Turkey"
133094,Sony Xperia 10,1727,700,24/08/22 ,"Sim_Company_14,Ankara, Turkey"
133095,Samsung Galexy S21,95,800,30/08/22 ,"Sim_Company_5,Sao Paulo, Brazil"
133096,Samsung Galexy S10,184,300,02/08/22 ,"Sim_Company_1,Beijing, China"
133097,Huawei,235,350,30/08/22 ,"Sim_Company_2,Delhi, India"
133098,Nokia c200,251,400,13/08/22 ,"Sim_Company_2,Delhi, India"
133099,iPhone 13,401,1000,04/08/22 ,"Sim_Company_6,Moscow, Russia"
133100,iPhone 13,1253,1000,30/08/22 ,"Sim_Company_11,Munich, Germany"
133101,iPhone 13,1281,1000,29/08/22 ,"Sim_Company_6,Moscow, Russia"
133102,Samsung Galexy S22,2315,1100,20/08/22 ,"Sim_Company_4,Jakarta, Indonesia"
133103,Nokia c200,113,400,30/08/22 ,"Sim_Company_3,Boston, United States"
133104,Samsung Galexy S21,2671,800,14/08/22 ,"Sim_Company_4,Jakarta, Indonesia"
133105,Samsung Galexy S10,397,300,27/08/22 ,"Sim_Company_1,Beijing, China"
133106,Sony Xperia 5,170,450,27/08/22 ,"Sim_Company_3,Boston, United States"
133107,iPhone 13,1303,1000,12/08/22 ,"Sim_Company_1,Beijing, China"
133108,iPhone 13,2154,1000,20/08/22 ,"Sim_Company_6,Moscow, Russia"
133109,Samsung Galexy S10,490,300,14/08/22 ,"Sim_Company_5,Sao Paulo, Brazil"
133110,Sony Xperia 10,292,700,15/08/22 ,"Sim_Company_5,Sao Paulo, Brazil"
133111,iPhone 13,435,1000,16/08/22 ,"Sim_Company_18,Bangkok, Thailand"
133112,Samsung Galexy S21,2920,800,04/08/22 ,"Sim_Company_13,Dhaka, Bangladesh"
133113,Samsung Galexy S22,26,1100,13/08/22 ,"Sim_Company_7,Yokohama, Japan"
133114,Huawei,12,350,29/08/22 ,"Sim_Company_3,Boston, United States"
133115,iPhone 11,371,500,22/08/22 ,"Sim_Company_4,Jakarta, Indonesia"
133116,Nokia c200,15,400,02/08/22 ,"Sim_Company_1,Beijing, China"
133117,iPhone 12,188,700,10/08/22 ,"Sim_Company_4,Jakarta, Indonesia"
133118,Google Android,1617,900,12/08/22 ,"Sim_Company_17,Islamabad, Pakistan"
133119,Nokia c100,245,200,15/08/22 ,"Sim_Company_11,Munich, Germany"
133120,Huawei,225,350,23/08/22 ,"Sim_Company_12,Hanoi, Vietnam"
133121,iPhone 12,2149,700,03/08/22 ,"Sim_Company_5,Sao Paulo, Brazil"
133122,Sony Xperia 10,676,700,29/08/22 ,"Sim_Company_4,Jakarta, Indonesia"
133123,Sony Xperia 10,735,700,22/08/22 ,"Sim_Company_11,Munich, Germany"
133124,Google Android,1128,900,29/08/22 ,"Sim_Company_1,Beijing, China"
133125,iPhone 11,29,500,03/08/22 ,"Sim_Company_12,Hanoi, Vietnam"
133126,Google Android,140,900,20/08/22 ,"Sim_Company_11,Munich, Germany"
133127,Huawei,737,350,14/08/22 ,"Sim_Company_6,Moscow, Russia"
133128,Samsung Galexy S21,279,800,02/08/22 ,"Sim_Company_1,Beijing, China"
133129,iPhone 12,175,700,03/08/22 ,"Sim_Company_14,Ankara, Turkey"
133130,Nokia c200,266,400,06/08/22 ,"Sim_Company_3,Boston, United States"
133131,Samsung Galexy S21,763,800,11/08/22 ,"Sim_Company_5,Sao Paulo, Brazil"
133132,Google Android,58,900,10/08/22 ,"Sim_Company_3,Boston, United States"
133133,iPhone 13,1193,1000,12/08/22 ,"Sim_Company_4,Jakarta, Indonesia"
133134,Samsung Galexy S22,246,1100,26/08/22 ,"Sim_Company_6,Moscow, Russia"
133135,iPhone 13,1647,1000,03/08/22 ,"Sim_Company_15,Isfahan, Iran"
133136,Nokia c200,808,400,31/08/22 ,"Sim_Company_5,Sao Paulo, Brazil"
133137,Google Android,2135,900,13/08/22 ,"Sim_Company_7,Yokohama, Japan"
133138,Huawei,148,350,20/08/22 ,"Sim_Company_19,Milan, Italy"
133139,Sony Xperia 10,1671,700,03/08/22 ,"Sim_Company_15,Isfahan, Iran"
133140,iPhone 13,5243,1000,07/08/22 ,"Sim_Company_8,Mexico City, Mexico"
133141,Sony Xperia 5,404,450,30/08/22 ,"Sim_Company_10,Manila, Philippines"
133142,Samsung Galexy S21,1284,800,07/08/22 ,"Sim_Company_12,Hanoi, Vietnam"
133143,Google Android,2218,900,21/08/22 ,"Sim_Company_15,Isfahan, Iran"
133144,Huawei,34,350,08/08/22 ,"Sim_Company_17,Islamabad, Pakistan"
133145,Sony Xperia 5,5,450,02/08/22 ,"Sim_Company_6,Moscow, Russia"
133146,Samsung Galexy S21,1839,800,02/08/22 ,"Sim_Company_1,Beijing, China"
133147,iPhone 11,200,500,30/08/22 ,"Sim_Company_13,Dhaka, Bangladesh"
133148,Huawei,83,350,05/08/22 ,"Sim_Company_12,Hanoi, Vietnam"
133149,iPhone 13,1688,1000,07/08/22 ,"Sim_Company_5,Sao Paulo, Brazil"
133150,iPhone 13,2414,1000,30/08/22 ,"Sim_Company_3,Boston, United States"
133151,Samsung Galexy S22,689,1100,07/08/22 ,"Sim_Company_4,Jakarta, Indonesia"
133152,iPhone 13,851,1000,06/08/22 ,"Sim_Company_2,Delhi, India"
133153,Samsung Galexy S21,802,800,24/08/22 ,"Sim_Company_4,Jakarta, Indonesia"
133154,iPhone 12,571,700,07/08/22 ,"Sim_Company_2,Delhi, India"
133155,Huawei,176,350,05/08/22 ,"Sim_Company_13,Dhaka, Bangladesh"
133156,iPhone 12,130,700,28/08/22 ,"Sim_Company_8,Mexico City, Mexico"
133157,iPhone 13,1349,1000,04/08/22 ,"Sim_Company_1,Beijing, China"
133158,Nokia c200,143,400,14/08/22 ,"Sim_Company_14,Ankara, Turkey"
133159,Huawei,120,350,06/08/22 ,"Sim_Company_10,Manila, Philippines"
133160,Nokia c200,1169,400,05/08/22 ,"Sim_Company_11,Munich, Germany"
133161,Sony Xperia 10,442,700,29/08/22 ,"Sim_Company_4,Jakarta, Indonesia"
133162,Samsung Galexy S21,319,800,11/08/22 ,"Sim_Company_2,Delhi, India"
133163,iPhone 13,918,1000,02/08/22 ,"Sim_Company_2,Delhi, India"
133164,Huawei,64,350,31/08/22 ,"Sim_Company_6,Moscow, Russia"
133165,iPhone 11,95,500,23/08/22 ,"Sim_Company_14,Ankara, Turkey"
133166,iPhone 11,54,500,14/08/22 ,"Sim_Company_6,Moscow, Russia"
133167,Google Android,1027,900,10/08/22 ,"Sim_Company_18,Bangkok, Thailand"
133168,Google Android,1020,900,26/08/22 ,"Sim_Company_6,Moscow, Russia"
133169,iPhone 11,8,500,18/08/22 ,"Sim_Company_13,Dhaka, Bangladesh"
133170,Huawei,918,350,30/08/22 ,"Sim_Company_8,Mexico City, Mexico"
133171,iPhone 11,144,500,07/08/22 ,"Sim_Company_11,Munich, Germany"
133172,Samsung Galexy S22,1361,1100,28/08/22 ,"Sim_Company_10,Manila, Philippines"
133173,iPhone 12,785,700,28/08/22 ,"Sim_Company_11,Munich, Germany"
133174,Huawei,752,350,07/08/22 ,"Sim_Company_11,Munich, Germany"
133175,Nokia c200,87,400,01/08/22 ,"Sim_Company_6,Moscow, Russia"
133176,Samsung Galexy S22,959,1100,05/08/22 ,"Sim_Company_2,Delhi, India"
133177,iPhone 11,67,500,16/08/22 ,"Sim_Company_4,Jakarta, Indonesia"
133178,iPhone 13,926,1000,20/08/22 ,"Sim_Company_16,Giza, Egypt"
133179,Sony Xperia 5,1040,450,03/08/22 ,"Sim_Company_3,Boston, United States"
133180,Samsung Galexy S21,598,800,09/08/22 ,"Sim_Company_4,Jakarta, Indonesia"
133181,Huawei,183,350,02/08/22 ,"Sim_Company_8,Mexico City, Mexico"
133182,iPhone 13,468,1000,02/08/22 ,"Sim_Company_1,Beijing, China"
133183,iPhone 13,1631,1000,18/08/22 ,"Sim_Company_11,Munich, Germany"
133184,Huawei,369,350,27/08/22 ,"Sim_Company_2,Delhi, India"
133185,iPhone 13,60,1000,07/08/22 ,"Sim_Company_10,Manila, Philippines"
133186,Huawei,198,350,29/08/22 ,"Sim_Company_1,Beijing, China"
133187,iPhone 13,2016,1000,04/08/22 ,"Sim_Company_11,Munich, Germany"
133188,Sony Xperia 5,244,450,23/08/22 ,"Sim_Company_10,Manila, Philippines"
133189,iPhone 12,880,700,06/08/22 ,"Sim_Company_2,Delhi, India"
133190,Huawei,179,350,20/08/22 ,"Sim_Company_2,Delhi, India"
133191,iPhone 13,143,1000,16/08/22 ,"Sim_Company_10,Manila, Philippines"
133192,iPhone 11,121,500,22/08/22 ,"Sim_Company_14,Ankara, Turkey"
133193,Google Android,1183,900,15/08/22 ,"Sim_Company_3,Boston, United States"
133194,Samsung Galexy S21,681,800,26/08/22 ,"Sim_Company_12,Hanoi, Vietnam"
133195,Samsung Galexy S10,268,300,23/08/22 ,"Sim_Company_3,Boston, United States"
133196,iPhone 12,925,700,15/08/22 ,"Sim_Company_4,Jakarta, Indonesia"
133197,iPhone 11,398,500,17/08/22 ,"Sim_Company_2,Delhi, India"
133198,Sony Xperia 10,463,700,16/08/22 ,"Sim_Company_12,Hanoi, Vietnam"
133199,iPhone 13,613,1000,02/08/22 ,"Sim_Company_5,Sao Paulo, Brazil"
133200,Huawei,527,350,07/08/22 ,"Sim_Company_16,Giza, Egypt"
133201,iPhone 12,1647,700,05/08/22 ,"Sim_Company_14,Ankara, Turkey"
133202,iPhone 12,935,700,06/08/22 ,"Sim_Company_4,Jakarta, Indonesia"
133203,iPhone 11,1808,500,31/08/22 ,"Sim_Company_6,Moscow, Russia"
133204,iPhone 12,1944,700,14/08/22 ,"Sim_Company_4,Jakarta, Indonesia"
133205,iPhone 13,463,1000,11/08/22 ,"Sim_Company_10,Manila, Philippines"
133206,Samsung Galexy S10,244,300,04/08/22 ,"Sim_Company_16,Giza, Egypt"
133207,iPhone 11,3765,500,29/08/22 ,"Sim_Company_2,Delhi, India"
133208,Nokia c200,338,400,18/08/22 ,"Sim_Company_1,Beijing, China"
133209,Samsung Galexy S21,495,800,24/08/22 ,"Sim_Company_8,Mexico City, Mexico"
133210,Huawei,399,350,25/08/22 ,"Sim_Company_8,Mexico City, Mexico"
133211,Samsung Galexy S10,165,300,26/08/22 ,"Sim_Company_7,Yokohama, Japan"
133212,iPhone 12,658,700,04/08/22 ,"Sim_Company_6,Moscow, Russia"
133213,iPhone 13,111,1000,28/08/22 ,"Sim_Company_3,Boston, United States"
133214,iPhone 13,98,1000,23/08/22 ,"Sim_Company_13,Dhaka, Bangladesh"
133215,iPhone 13,1380,1000,22/08/22 ,"Sim_Company_1,Beijing, China"
133216,Samsung Galexy S22,1596,1100,14/08/22 ,"Sim_Company_6,Moscow, Russia"
133217,Google Android,172,900,12/08/22 ,"Sim_Company_13,Dhaka, Bangladesh"
133218,Nokia c100,210,200,27/08/22 ,"Sim_Company_13,Dhaka, Bangladesh"
133219,iPhone 13,1634,1000,13/08/22 ,"Sim_Company_5,Sao Paulo, Brazil"
133220,iPhone 11,123,500,02/08/22 ,"Sim_Company_10,Manila, Philippines"
133221,Nokia c200,487,400,27/08/22 ,"Sim_Company_16,Giza, Egypt"
133222,Samsung Galexy S21,410,800,31/08/22 ,"Sim_Company_15,Isfahan, Iran"
133223,Samsung Galexy S21,139,800,24/08/22 ,"Sim_Company_19,Milan, Italy"
133224,iPhone 13,71,1000,31/08/22 ,"Sim_Company_1,Beijing, China"
133225,Samsung Galexy S21,636,800,16/08/22 ,"Sim_Company_20,Durban, South Africa"
133226,Samsung Galexy S10,284,300,09/08/22 ,"Sim_Company_3,Boston, United States"
133227,iPhone 11,93,500,02/08/22 ,"Sim_Company_20,Durban, South Africa"
133228,iPhone 13,3295,1000,19/08/22 ,"Sim_Company_9,Lagos, Nigeria"
133229,iPhone 13,345,1000,13/08/22 ,"Sim_Company_17,Islamabad, Pakistan"
133230,Google Android,1251,900,16/08/22 ,"Sim_Company_8,Mexico City, Mexico"
133231,Sony Xperia 5,208,450,01/08/22 ,"Sim_Company_8,Mexico City, Mexico"
133232,Samsung Galexy S21,267,800,09/08/22 ,"Sim_Company_7,Yokohama, Japan"
133233,Samsung Galexy S10,774,300,06/08/22 ,"Sim_Company_15,Isfahan, Iran"
133234,Sony Xperia 5,32,450,09/08/22 ,"Sim_Company_1,Beijing, China"
133235,iPhone 13,208,1000,15/08/22 ,"Sim_Company_5,Sao Paulo, Brazil"
133236,Samsung Galexy S22,3208,1100,02/08/22 ,"Sim_Company_14,Ankara, Turkey"
133237,Huawei,2690,350,29/08/22 ,"Sim_Company_5,Sao Paulo, Brazil"
133238,Samsung Galexy S21,123,800,29/08/22 ,"Sim_Company_11,Munich, Germany"
133239,Sony Xperia 10,422,700,10/08/22 ,"Sim_Company_8,Mexico City, Mexico"
133240,Google Android,200,900,05/08/22 ,"Sim_Company_5,Sao Paulo, Brazil"
133241,Huawei,41,350,19/08/22 ,"Sim_Company_11,Munich, Germany"
133242,Samsung Galexy S22,279,1100,16/08/22 ,"Sim_Company_10,Manila, Philippines"
133243,iPhone 12,250,700,31/08/22 ,"Sim_Company_3,Boston, United States"
133244,iPhone 12,76,700,04/08/22 ,"Sim_Company_16,Giza, Egypt"
133245,Samsung Galexy S21,2113,800,20/08/22 ,"Sim_Company_1,Beijing, China"
133246,iPhone 12,293,700,27/08/22 ,"Sim_Company_1,Beijing, China"
133247,iPhone 12,837,700,12/08/22 ,"Sim_Company_15,Isfahan, Iran"
133248,Samsung Galexy S21,998,800,11/08/22 ,"Sim_Company_12,Hanoi, Vietnam"
133249,iPhone 12,251,700,27/08/22 ,"Sim_Company_12,Hanoi, Vietnam"
133250,iPhone 12,658,700,22/08/22 ,"Sim_Company_1,Beijing, China"
133251,Google Android,710,900,02/08/22 ,"Sim_Company_6,Moscow, Russia"
133252,Samsung Galexy S22,599,1100,02/08/22 ,"Sim_Company_15,Isfahan, Iran"
133253,Sony Xperia 10,2027,700,16/08/22 ,"Sim_Company_3,Boston, United States"
133254,iPhone 13,1530,1000,16/08/22 ,"Sim_Company_19,Milan, Italy"
133255,Samsung Galexy S22,177,1100,13/08/22 ,"Sim_Company_4,Jakarta, Indonesia"
133256,iPhone 11,762,500,07/08/22 ,"Sim_Company_8,Mexico City, Mexico"
133257,Samsung Galexy S21,2256,800,09/08/22 ,"Sim_Company_6,Moscow, Russia"
133258,Huawei,181,350,28/08/22 ,"Sim_Company_10,Manila, Philippines"
133259,iPhone 13,2730,1000,08/08/22 ,"Sim_Company_3,Boston, United States"
133260,iPhone 11,1607,500,21/08/22 ,"Sim_Company_17,Islamabad, Pakistan"
133261,Sony Xperia 10,608,700,12/08/22 ,"Sim_Company_10,Manila, Philippines"
133262,Samsung Galexy S22,348,1100,30/08/22 ,"Sim_Company_5,Sao Paulo, Brazil"
133263,Sony Xperia 10,117,700,13/08/22 ,"Sim_Company_16,Giza, Egypt"
133264,Nokia c100,106,200,01/08/22 ,"Sim_Company_1,Beijing, China"
133265,iPhone 13,531,1000,09/08/22 ,"Sim_Company_2,Delhi, India"
133266,Sony Xperia 5,275,450,19/08/22 ,"Sim_Company_3,Boston, United States"
133267,iPhone 11,134,500,01/08/22 ,"Sim_Company_8,Mexico City, Mexico"
133268,iPhone 13,662,1000,26/08/22 ,"Sim_Company_10,Manila, Philippines"
133269,iPhone 11,81,500,29/08/22 ,"Sim_Company_13,Dhaka, Bangladesh"
133270,Samsung Galexy S22,1374,1100,22/08/22 ,"Sim_Company_5,Sao Paulo, Brazil"
133271,iPhone 12,3316,700,04/08/22 ,"Sim_Company_12,Hanoi, Vietnam"
133272,iPhone 11,225,500,07/08/22 ,"Sim_Company_19,Milan, Italy"
133273,Samsung Galexy S22,451,1100,14/08/22 ,"Sim_Company_12,Hanoi, Vietnam"
133274,Samsung Galexy S21,513,800,31/08/22 ,"Sim_Company_3,Boston, United States"
133275,Google Android,505,900,08/08/22 ,"Sim_Company_5,Sao Paulo, Brazil"
133276,Huawei,481,350,19/08/22 ,"Sim_Company_1,Beijing, China"
133277,iPhone 12,214,700,27/08/22 ,"Sim_Company_5,Sao Paulo, Brazil"
133278,Huawei,103,350,15/08/22 ,"Sim_Company_19,Milan, Italy"
133279,Samsung Galexy S22,631,1100,14/08/22 ,"Sim_Company_17,Islamabad, Pakistan"
133280,iPhone 13,253,1000,03/08/22 ,"Sim_Company_15,Isfahan, Iran"
133281,Google Android,1992,900,12/08/22 ,"Sim_Company_15,Isfahan, Iran"
133282,Nokia c100,66,200,02/08/22 ,"Sim_Company_14,Ankara, Turkey"
133283,iPhone 12,64,700,12/08/22 ,"Sim_Company_5,Sao Paulo, Brazil"
133284,iPhone 11,245,500,02/08/22 ,"Sim_Company_5,Sao Paulo, Brazil"
133285,iPhone 11,503,500,22/08/22 ,"Sim_Company_20,Durban, South Africa"
133286,iPhone 11,1090,500,13/08/22 ,"Sim_Company_19,Milan, Italy"
133287,Huawei,419,350,31/08/22 ,"Sim_Company_6,Moscow, Russia"
133288,Samsung Galexy S21,729,800,07/08/22 ,"Sim_Company_19,Milan, Italy"
133289,Samsung Galexy S10,900,300,13/08/22 ,"Sim_Company_16,Giza, Egypt"
133290,iPhone 12,14,700,19/08/22 ,"Sim_Company_14,Ankara, Turkey"
133291,Sony Xperia 10,439,700,21/08/22 ,"Sim_Company_7,Yokohama, Japan"
133292,iPhone 12,448,700,05/08/22 ,"Sim_Company_4,Jakarta, Indonesia"
133293,Samsung Galexy S21,180,800,30/08/22 ,"Sim_Company_11,Munich, Germany"
133294,Nokia c100,363,200,09/08/22 ,"Sim_Company_6,Moscow, Russia"
133295,Sony Xperia 5,811,450,25/08/22 ,"Sim_Company_14,Ankara, Turkey"
133296,Samsung Galexy S21,1653,800,09/08/22 ,"Sim_Company_5,Sao Paulo, Brazil"
133297,iPhone 11,459,500,29/08/22 ,"Sim_Company_3,Boston, United States"
133298,Samsung Galexy S21,499,800,29/08/22 ,"Sim_Company_8,Mexico City, Mexico"
133299,Samsung Galexy S22,535,1100,18/08/22 ,"Sim_Company_14,Ankara, Turkey"
133300,iPhone 11,174,500,27/08/22 ,"Sim_Company_13,Dhaka, Bangladesh"
133301,Huawei,112,350,25/08/22 ,"Sim_Company_6,Moscow, Russia"
133302,Google Android,5,900,27/08/22 ,"Sim_Company_5,Sao Paulo, Brazil"
133303,Huawei,324,350,13/08/22 ,"Sim_Company_19,Milan, Italy"
133304,Google Android,1550,900,25/08/22 ,"Sim_Company_12,Hanoi, Vietnam"
133305,Samsung Galexy S21,650,800,16/08/22 ,"Sim_Company_17,Islamabad, Pakistan"
133306,iPhone 13,2139,1000,25/08/22 ,"Sim_Company_3,Boston, United States"
133307,iPhone 13,639,1000,21/08/22 ,"Sim_Company_6,Moscow, Russia"
133308,iPhone 12,1292,700,20/08/22 ,"Sim_Company_9,Lagos, Nigeria"
133309,Samsung Galexy S22,483,1100,17/08/22 ,"Sim_Company_14,Ankara, Turkey"
133310,Sony Xperia 10,198,700,17/08/22 ,"Sim_Company_4,Jakarta, Indonesia"
133311,Samsung Galexy S10,226,300,18/08/22 ,"Sim_Company_18,Bangkok, Thailand"
133312,Google Android,11,900,13/08/22 ,"Sim_Company_12,Hanoi, Vietnam"
133313,iPhone 12,773,700,17/08/22 ,"Sim_Company_14,Ankara, Turkey"
133314,iPhone 11,397,500,03/08/22 ,"Sim_Company_16,Giza, Egypt"
133315,iPhone 11,286,500,27/08/22 ,"Sim_Company_15,Isfahan, Iran"
133316,iPhone 12,1094,700,25/08/22 ,"Sim_Company_7,Yokohama, Japan"
133317,iPhone 13,503,1000,21/08/22 ,"Sim_Company_18,Bangkok, Thailand"
133318,Samsung Galexy S10,159,300,31/08/22 ,"Sim_Company_14,Ankara, Turkey"
133319,Sony Xperia 10,805,700,04/08/22 ,"Sim_Company_8,Mexico City, Mexico"
133320,Sony Xperia 10,2503,700,24/08/22 ,"Sim_Company_3,Boston, United States"
133321,iPhone 13,762,1000,13/08/22 ,"Sim_Company_2,Delhi, India"
133322,iPhone 11,79,500,17/08/22 ,"Sim_Company_7,Yokohama, Japan"
133323,Samsung Galexy S22,843,1100,16/08/22 ,"Sim_Company_2,Delhi, India"
133324,Samsung Galexy S22,904,1100,18/08/22 ,"Sim_Company_15,Isfahan, Iran"
133325,Samsung Galexy S22,171,1100,13/08/22 ,"Sim_Company_2,Delhi, India"
133326,iPhone 13,1484,1000,28/08/22 ,"Sim_Company_4,Jakarta, Indonesia"
133327,Nokia c200,1057,400,12/08/22 ,"Sim_Company_11,Munich, Germany"
133328,Google Android,629,900,05/08/22 ,"Sim_Company_14,Ankara, Turkey"
133329,Samsung Galexy S21,2074,800,24/08/22 ,"Sim_Company_9,Lagos, Nigeria"
133330,Google Android,594,900,12/08/22 ,"Sim_Company_15,Isfahan, Iran"
133331,Sony Xperia 5,507,450,15/08/22 ,"Sim_Company_17,Islamabad, Pakistan"
133332,iPhone 11,223,500,23/08/22 ,"Sim_Company_5,Sao Paulo, Brazil"
133333,Samsung Galexy S22,2304,1100,02/08/22 ,"Sim_Company_14,Ankara, Turkey"
133334,iPhone 12,817,700,07/08/22 ,"Sim_Company_7,Yokohama, Japan"
133335,iPhone 13,5254,1000,30/08/22 ,"Sim_Company_19,Milan, Italy"
133336,Samsung Galexy S22,1348,1100,17/08/22 ,"Sim_Company_13,Dhaka, Bangladesh"
133337,Samsung Galexy S21,1049,800,13/08/22 ,"Sim_Company_16,Giza, Egypt"
133338,Samsung Galexy S21,697,800,08/08/22 ,"Sim_Company_13,Dhaka, Bangladesh"
133339,Samsung Galexy S22,1176,1100,01/08/22 ,"Sim_Company_7,Yokohama, Japan"
133340,Nokia c200,243,400,26/08/22 ,"Sim_Company_16,Giza, Egypt"
133341,iPhone 13,625,1000,21/08/22 ,"Sim_Company_11,Munich, Germany"
133342,Sony Xperia 10,38,700,22/08/22 ,"Sim_Company_18,Bangkok, Thailand"
133343,iPhone 13,191,1000,25/08/22 ,"Sim_Company_8,Mexico City, Mexico"
133344,iPhone 12,66,700,24/08/22 ,"Sim_Company_7,Yokohama, Japan"
133345,Nokia c200,163,400,01/09/22 ,"Sim_Company_8,Mexico City, Mexico"
133346,iPhone 13,409,1000,27/08/22 ,"Sim_Company_10,Manila, Philippines"
133347,Samsung Galexy S22,2218,1100,31/08/22 ,"Sim_Company_6,Moscow, Russia"
133348,Sony Xperia 10,798,700,02/08/22 ,"Sim_Company_10,Manila, Philippines"
133349,Samsung Galexy S21,100,800,30/08/22 ,"Sim_Company_15,Isfahan, Iran"
133350,Samsung Galexy S22,2078,1100,29/08/22 ,"Sim_Company_12,Hanoi, Vietnam"
133351,Sony Xperia 10,588,700,01/08/22 ,"Sim_Company_10,Manila, Philippines"
133352,Samsung Galexy S21,1426,800,23/08/22 ,"Sim_Company_14,Ankara, Turkey"
133353,Samsung Galexy S22,362,1100,02/08/22 ,"Sim_Company_3,Boston, United States"
133354,iPhone 11,35,500,23/08/22 ,"Sim_Company_11,Munich, Germany"
133355,Nokia c200,100,400,01/08/22 ,"Sim_Company_4,Jakarta, Indonesia"
133356,iPhone 13,865,1000,27/08/22 ,"Sim_Company_2,Delhi, India"
133357,Sony Xperia 10,112,700,19/08/22 ,"Sim_Company_5,Sao Paulo, Brazil"
133358,Huawei,13,350,14/08/22 ,"Sim_Company_4,Jakarta, Indonesia"
133359,Huawei,1161,350,09/08/22 ,"Sim_Company_11,Munich, Germany"
133360,iPhone 12,437,700,01/08/22 ,"Sim_Company_7,Yokohama, Japan"
133361,iPhone 12,1243,700,28/08/22 ,"Sim_Company_8,Mexico City, Mexico"
133362,Huawei,177,350,13/08/22 ,"Sim_Company_13,Dhaka, Bangladesh"
133363,iPhone 13,6032,1000,24/08/22 ,"Sim_Company_4,Jakarta, Indonesia"
133364,Samsung Galexy S10,97,300,30/08/22 ,"Sim_Company_18,Bangkok, Thailand"
133365,Samsung Galexy S22,370,1100,24/08/22 ,"Sim_Company_13,Dhaka, Bangladesh"
133366,Sony Xperia 10,504,700,24/08/22 ,"Sim_Company_5,Sao Paulo, Brazil"
133367,Sony Xperia 10,1401,700,11/08/22 ,"Sim_Company_3,Boston, United States"
133368,iPhone 13,57,1000,29/08/22 ,"Sim_Company_4,Jakarta, Indonesia"
133369,Sony Xperia 5,330,450,08/08/22 ,"Sim_Company_8,Mexico City, Mexico"
133370,Huawei,685,350,14/08/22 ,"Sim_Company_11,Munich, Germany"
133371,iPhone 12,172,700,18/08/22 ,"Sim_Company_20,Durban, South Africa"
133372,Samsung Galexy S10,75,300,08/08/22 ,"Sim_Company_7,Yokohama, Japan"
133373,Samsung Galexy S10,401,300,18/08/22 ,"Sim_Company_1,Beijing, China"
133374,Samsung Galexy S21,453,800,30/08/22 ,"Sim_Company_11,Munich, Germany"
133375,Sony Xperia 5,717,450,15/08/22 ,"Sim_Company_10,Manila, Philippines"
133376,Samsung Galexy S21,600,800,28/08/22 ,"Sim_Company_14,Ankara, Turkey"
133377,Samsung Galexy S21,1699,800,08/08/22 ,"Sim_Company_5,Sao Paulo, Brazil"
133378,Sony Xperia 10,227,700,02/08/22 ,"Sim_Company_1,Beijing, China"
133379,Huawei,10,350,26/08/22 ,"Sim_Company_1,Beijing, China"
133380,Google Android,1312,900,22/08/22 ,"Sim_Company_14,Ankara, Turkey"
133381,Huawei,20,350,20/08/22 ,"Sim_Company_4,Jakarta, Indonesia"
133382,Google Android,22,900,10/08/22 ,"Sim_Company_12,Hanoi, Vietnam"
133383,Samsung Galexy S21,777,800,05/08/22 ,"Sim_Company_3,Boston, United States"
133384,Nokia c200,721,400,14/08/22 ,"Sim_Company_5,Sao Paulo, Brazil"
133385,iPhone 12,305,700,26/08/22 ,"Sim_Company_8,Mexico City, Mexico"
133386,iPhone 11,413,500,26/08/22 ,"Sim_Company_9,Lagos, Nigeria"
133387,Samsung Galexy S10,329,300,21/08/22 ,"Sim_Company_5,Sao Paulo, Brazil"
133388,iPhone 12,412,700,24/08/22 ,"Sim_Company_13,Dhaka, Bangladesh"
133389,Google Android,1207,900,28/08/22 ,"Sim_Company_16,Giza, Egypt"
133390,Huawei,411,350,29/08/22 ,"Sim_Company_20,Durban, South Africa"
133391,iPhone 11,269,500,31/08/22 ,"Sim_Company_7,Yokohama, Japan"
133392,Sony Xperia 5,229,450,12/08/22 ,"Sim_Company_8,Mexico City, Mexico"
133393,iPhone 13,1018,1000,30/08/22 ,"Sim_Company_2,Delhi, India"
133394,iPhone 11,695,500,14/08/22 ,"Sim_Company_3,Boston, United States"
133395,iPhone 13,603,1000,01/08/22 ,"Sim_Company_5,Sao Paulo, Brazil"
133396,iPhone 12,107,700,29/08/22 ,"Sim_Company_2,Delhi, India"
133397,iPhone 13,92,1000,24/08/22 ,"Sim_Company_3,Boston, United States"
133398,iPhone 11,380,500,03/08/22 ,"Sim_Company_5,Sao Paulo, Brazil"
133399,Google Android,1273,900,24/08/22 ,"Sim_Company_10,Manila, Philippines"
133400,Nokia c100,117,200,17/08/22 ,"Sim_Company_7,Yokohama, Japan"
133401,Huawei,900,350,06/08/22 ,"Sim_Company_13,Dhaka, Bangladesh"
133402,Huawei,37,350,21/08/22 ,"Sim_Company_13,Dhaka, Bangladesh"
133403,iPhone 13,1313,1000,05/08/22 ,"Sim_Company_5,Sao Paulo, Brazil"
133404,Samsung Galexy S22,548,1100,12/08/22 ,"Sim_Company_18,Bangkok, Thailand"
133405,iPhone 13,438,1000,30/08/22 ,"Sim_Company_10,Manila, Philippines"
133406,iPhone 13,443,1000,05/08/22 ,"Sim_Company_6,Moscow, Russia"
133407,Samsung Galexy S22,28,1100,05/08/22 ,"Sim_Company_13,Dhaka, Bangladesh"
133408,Samsung Galexy S10,141,300,27/08/22 ,"Sim_Company_3,Boston, United States"
133409,Google Android,213,900,21/08/22 ,"Sim_Company_6,Moscow, Russia"
133410,Samsung Galexy S22,653,1100,25/08/22 ,"Sim_Company_6,Moscow, Russia"
133411,Samsung Galexy S21,14,800,01/08/22 ,"Sim_Company_6,Moscow, Russia"
133412,Huawei,422,350,26/08/22 ,"Sim_Company_7,Yokohama, Japan"
133413,Sony Xperia 10,33,700,08/08/22 ,"Sim_Company_7,Yokohama, Japan"
133414,Huawei,388,350,27/08/22 ,"Sim_Company_8,Mexico City, Mexico"
133415,iPhone 12,88,700,31/08/22 ,"Sim_Company_6,Moscow, Russia"
133416,iPhone 13,735,1000,11/08/22 ,"Sim_Company_1,Beijing, China"
133417,Nokia c100,56,200,27/08/22 ,"Sim_Company_7,Yokohama, Japan"
133418,iPhone 11,48,500,27/08/22 ,"Sim_Company_2,Delhi, India"
133419,iPhone 11,383,500,31/08/22 ,"Sim_Company_1,Beijing, China"
133420,Sony Xperia 5,119,450,22/08/22 ,"Sim_Company_4,Jakarta, Indonesia"
133421,Samsung Galexy S21,282,800,30/08/22 ,"Sim_Company_8,Mexico City, Mexico"
133422,iPhone 12,564,700,02/08/22 ,"Sim_Company_11,Munich, Germany"
133423,Samsung Galexy S22,3592,1100,26/08/22 ,"Sim_Company_20,Durban, South Africa"
133424,Google Android,273,900,05/08/22 ,"Sim_Company_12,Hanoi, Vietnam"
133425,Samsung Galexy S22,1213,1100,16/08/22 ,"Sim_Company_2,Delhi, India"
133426,iPhone 11,925,500,24/08/22 ,"Sim_Company_6,Moscow, Russia"
133427,Huawei,695,350,27/08/22 ,"Sim_Company_9,Lagos, Nigeria"
133428,Samsung Galexy S21,161,800,13/08/22 ,"Sim_Company_13,Dhaka, Bangladesh"
133429,Samsung Galexy S21,502,800,20/08/22 ,"Sim_Company_9,Lagos, Nigeria"
133430,iPhone 11,180,500,03/08/22 ,"Sim_Company_5,Sao Paulo, Brazil"
133431,Nokia c200,86,400,09/08/22 ,"Sim_Company_2,Delhi, India"
133432,Google Android,127,900,15/08/22 ,"Sim_Company_19,Milan, Italy"
133433,Nokia c200,175,400,18/08/22 ,"Sim_Company_19,Milan, Italy"
133434,Google Android,160,900,01/08/22 ,"Sim_Company_11,Munich, Germany"
133435,iPhone 12,1746,700,30/08/22 ,"Sim_Company_2,Delhi, India"
133436,iPhone 12,331,700,05/08/22 ,"Sim_Company_10,Manila, Philippines"
133437,iPhone 13,1628,1000,25/08/22 ,"Sim_Company_14,Ankara, Turkey"
133438,iPhone 13,1263,1000,31/08/22 ,"Sim_Company_8,Mexico City, Mexico"
133439,iPhone 11,88,500,14/08/22 ,"Sim_Company_9,Lagos, Nigeria"
133440,Nokia c200,631,400,02/08/22 ,"Sim_Company_6,Moscow, Russia"
133441,iPhone 12,1096,700,30/08/22 ,"Sim_Company_4,Jakarta, Indonesia"
133442,iPhone 11,1966,500,18/08/22 ,"Sim_Company_3,Boston, United States"
133443,Sony Xperia 10,1543,700,08/08/22 ,"Sim_Company_1,Beijing, China"
133444,Samsung Galexy S10,179,300,13/08/22 ,"Sim_Company_14,Ankara, Turkey"
133445,iPhone 12,81,700,14/08/22 ,"Sim_Company_4,Jakarta, Indonesia"
133446,iPhone 12,1554,700,18/08/22 ,"Sim_Company_6,Moscow, Russia"
133447,iPhone 13,523,1000,21/08/22 ,"Sim_Company_18,Bangkok, Thailand"
133448,iPhone 13,214,1000,11/08/22 ,"Sim_Company_16,Giza, Egypt"
133449,iPhone 13,1215,1000,15/08/22 ,"Sim_Company_10,Manila, Philippines"
133450,iPhone 13,1905,1000,26/08/22 ,"Sim_Company_3,Boston, United States"
